#node1	node2	node1_string_id	node2_string_id	neighborhood_on_chromosome	gene_fusion	phylogenetic_cooccurrence	homology	coexpression	experimentally_determined_interaction	database_annotated	automated_textmining	combined_score
MED19	RP20_CCG000613	7160.A0A182H615	7160.A0A182G1E4	0	0	0	0	0.117	0.356	0.278	0.235	0.643
MED19	RP20_CCG003196	7160.A0A182H615	7160.A0A182G573	0	0	0	0	0	0.393	0.209	0.073	0.516
MED19	RP20_CCG012306	7160.A0A182H615	7160.A0A182GM48	0	0	0	0	0	0.942	0.633	0.526	0.989
RP20_CCG000039	RP20_CCG013225	7160.A0A182GSA0	7160.A0A182GP17	0	0	0	0	0.108	0	0.619	0.201	0.704
RP20_CCG000039	RP20_CCG022841	7160.A0A182GSA0	7160.A0A182H6P5	0	0	0	0	0	0.497	0.477	0.165	0.761
RP20_CCG000070	RP20_CCG004030	7160.A0A182G0L9	7160.A0A023ED66	0	0	0	0	0.143	0.587	0	0.051	0.634
RP20_CCG000070	RP20_CCG024828	7160.A0A182G0L9	7160.A0A182H9P7	0	0	0	0	0.052	0.396	0	0	0.402
RP20_CCG000070	RP20_CCG008130	7160.A0A182G0L9	7160.A0A182GDP6	0.077	0	0	0	0.184	0	0.318	0.148	0.503
RP20_CCG000070	RP20_CCG008046	7160.A0A182G0L9	7160.A0A182GDI3	0.111	0	0	0	0.042	0.071	0.510	0.104	0.589
RP20_CCG000070	RP20_CCG021775	7160.A0A182G0L9	7160.A0A182H4X0	0	0	0	0	0.174	0.408	0.276	0.049	0.618
RP20_CCG000070	RP20_CCG022027	7160.A0A182G0L9	7160.A0A182H5B7	0.111	0	0	0	0.352	0.092	0.510	0.271	0.779
RP20_CCG000101	RP20_CCG015609	7160.A0A182G0N5	7160.A0A182GTQ3	0	0	0	0	0	0.527	0.111	0.128	0.601
RP20_CCG000121	RP20_CCG025494	7160.A0A182G0Q0	7160.A0A023EPY3	0.078	0	0	0	0.046	0.110	0	0.527	0.580
RP20_CCG000121	RP20_CCG008228	7160.A0A182G0Q0	7160.A0A182GDW5	0	0	0	0	0	0	0	0.451	0.451
RP20_CCG000121	RP20_CCG015997	7160.A0A182G0Q0	7160.A0A182GUI2	0.280	0	0	0	0	0	0.173	0.594	0.737
RP20_CCG000245	RP20_CCG013710	7160.A0A182G0U6	7160.A0A182GQ07	0	0	0	0	0	0.201	0.295	0.092	0.443
RP20_CCG000245	RP20_CCG008879	7160.A0A182G0U6	7160.A0A182GF70	0	0.476	0	0	0	0.056	0.900	0.259	0.958
RP20_CCG000408	RP20_CCG002974	7160.A0A182G134	7160.A0A182G4U8	0	0	0	0	0.050	0	0.297	0.181	0.405
RP20_CCG000408	RP20_CCG008228	7160.A0A182G134	7160.A0A182GDW5	0	0	0	0	0	0	0	0.436	0.436
RP20_CCG000408	RP20_CCG014290	7160.A0A182G134	7160.A0A182GR75	0	0	0	0	0.108	0	0.373	0.092	0.447
RP20_CCG000408	RP20_CCG009737	7160.A0A182G134	7160.A0A182GH02	0	0	0	0	0.050	0	0.366	0.181	0.463
RP20_CCG000408	RP20_CCG006156	7160.A0A182G134	7160.A0A182GA53	0.056	0	0	0	0.067	0.260	0.102	0.260	0.487
RP20_CCG000408	RP20_CCG006899	7160.A0A182G134	7160.A0A182GBE2	0.056	0	0	0	0.098	0.145	0.102	0.379	0.520
RP20_CCG000408	RP20_CCG020703	7160.A0A182G134	7160.A0A182H338	0	0	0	0	0.125	0.064	0.580	0.125	0.658
RP20_CCG000408	RP20_CCG004593	7160.A0A182G134	7160.A0A182G7F0	0.111	0	0	0	0.122	0.071	0.421	0.453	0.728
RP20_CCG000408	RP20_CCG023468	7160.A0A182G134	7160.A0A182H7L6	0	0	0	0	0.232	0.492	0.502	0.518	0.893
RP20_CCG000432	RP20_CCG018285	7160.A0A182G149	7160.A0A182GYQ3	0	0	0.420	0	0	0	0	0	0.420
RP20_CCG000613	RP20_CCG013225	7160.A0A182G1E4	7160.A0A182GP17	0	0	0	0	0	0.046	0.316	0.155	0.400
RP20_CCG000613	RP20_CCG018227	7160.A0A182G1E4	7160.A0A182GYL1	0	0	0	0	0	0	0.282	0.303	0.478
RP20_CCG000613	RP20_CCG012306	7160.A0A182G1E4	7160.A0A182GM48	0	0	0	0	0	0.413	0.278	0.136	0.601
RP20_CCG000617	RP20_CCG020474	7160.A0A182G1E7	7160.A0A182H2N1	0	0	0	0	0.044	0.052	0.376	0.259	0.524
RP20_CCG000617	RP20_CCG012728	7160.A0A182G1E7	7160.A0A182GMZ4	0	0	0	0	0.072	0.122	0.900	0.456	0.949
RP20_CCG000723	RP20_CCG002728	7160.A0A182G1I1	7160.A0A182G4H0	0	0	0	0	0.043	0.264	0.211	0.071	0.414
RP20_CCG000723	RP20_CCG009707	7160.A0A182G1I1	7160.A0A182GGX8	0	0	0	0	0	0	0	0.454	0.454
RP20_CCG000855	RP20_CCG016021	7160.A0A182G1N5	7160.A0A182GUJ6	0	0	0	0	0.048	0.504	0.216	0.170	0.651
RP20_CCG000983	RP20_CCG024857	7160.A0A182G1U3	7160.A0A182H9R2	0	0	0	0	0	0	0	0.422	0.422
RP20_CCG000983	RP20_CCG012705	7160.A0A182G1U3	7160.A0A182GMX7	0	0	0	0	0.042	0.061	0	0.527	0.537
RP20_CCG001108	RP20_CCG013111	7160.A0A182G204	7160.A0A023EFH1	0	0	0	0	0	0.428	0	0.156	0.496
RP20_CCG001108	RP20_CCG001475	7160.A0A182G204	7160.A0A182G2J8	0	0	0	0	0	0.173	0.265	0.116	0.415
RP20_CCG001108	RP20_CCG015568	7160.A0A182G204	7160.A0A182GTM7	0	0	0	0	0.052	0.173	0.265	0.116	0.422
RP20_CCG001269	RP20_CCG001505	7160.A0A182G2A3	7160.A0A182G2L9	0	0	0	0	0.155	0.084	0.407	0.172	0.569
RP20_CCG001317	RP20_CCG001707	7160.A0A182G9V6	7160.A0A182G2Y4	0	0	0	0	0.245	0.052	0	0.233	0.403
RP20_CCG001317	RP20_CCG002759	7160.A0A182G9V6	7160.A0A182G4J4	0.066	0	0	0	0.196	0	0.312	0.135	0.493
RP20_CCG001317	RP20_CCG008617	7160.A0A182G9V6	7160.A0A182GEP3	0.054	0	0	0	0.414	0	0.236	0.259	0.644
RP20_CCG001475	RP20_CCG009017	7160.A0A182G2J8	7160.A0A023EE18	0	0	0	0	0	0	0	0.419	0.418
RP20_CCG001505	RP20_CCG022524	7160.A0A182G2L9	7160.A0A182H657	0	0	0	0	0	0.196	0.291	0.133	0.462
RP20_CCG001505	RP20_CCG023047	7160.A0A182G2L9	7160.A0A182H6Y9	0	0	0	0	0	0.196	0.291	0.133	0.462
RP20_CCG001521	RP20_CCG002028	7160.A0A182G2M7	7160.A0A182G3B9	0	0	0	0	0.087	0	0	0.433	0.460
RP20_CCG001549	RP20_CCG020280	7160.A0A182G2N5	7160.A0A182H296	0	0	0	0	0.103	0.076	0	0.383	0.443
RP20_CCG001549	RP20_CCG016099	7160.A0A182G2N5	7160.A0A182GUQ1	0	0	0	0	0	0.218	0.276	0.101	0.446
RP20_CCG001549	RP20_CCG018905	7160.A0A182G2N5	7160.A0A182GZU3	0	0	0	0	0	0	0	0.527	0.527
RP20_CCG001549	RP20_CCG015087	7160.A0A182G2N5	7160.A0A182GSS4	0	0	0	0	0	0	0.505	0.098	0.534
RP20_CCG001549	RP20_CCG003235	7160.A0A182G2N5	7160.A0A182G593	0	0	0	0	0	0.590	0.298	0.271	0.771
RP20_CCG001549	RP20_CCG014226	7160.A0A182G2N5	7160.A0A182GR17	0	0	0	0	0.071	0.621	0	0.415	0.776
RP20_CCG001556	RP20_CCG009707	7160.A0A182G2N8	7160.A0A182GGX8	0	0	0	0	0	0.056	0.393	0.053	0.409
RP20_CCG001556	RP20_CCG005741	7160.A0A182G2N8	7160.A0A182G9G7	0	0.613	0	0.557	0.076	0.121	0.261	0	0.736
RP20_CCG001556	RP20_CCG013225	7160.A0A182G2N8	7160.A0A182GP17	0	0	0	0	0.069	0.804	0.555	0.380	0.942
RP20_CCG001575	RP20_CCG003006	7160.A0A182G2Q0	7160.A0A182G4X0	0	0	0	0	0	0.115	0	0.449	0.491
RP20_CCG001575	RP20_CCG008334	7160.A0A182G2Q0	7160.A0A182GE35	0	0	0	0	0	0	0	0.493	0.493
RP20_CCG001575	RP20_CCG028181	7160.A0A182G2Q0	7160.A0A182HEW6	0	0	0	0	0	0.309	0.292	0.087	0.514
RP20_CCG001575	RP20_CCG024102	7160.A0A182G2Q0	7160.A0A182H8J7	0	0	0	0	0	0.657	0.940	0.406	0.986
RP20_CCG001576	RP20_CCG016093	7160.A0A182G2Q1	7160.A0A023EKS2	0	0	0	0	0.127	0.071	0.662	0	0.701
RP20_CCG001576	RP20_CCG018204	7160.A0A182G2Q1	7160.A0A182GYJ6	0	0	0	0	0.339	0	0	0.157	0.418
RP20_CCG001576	RP20_CCG019603	7160.A0A182G2Q1	7160.A0A182H146	0	0	0	0	0	0	0	0.527	0.527
RP20_CCG001576	RP20_CCG013415	7160.A0A182G2Q1	7160.A0A182GPF1	0	0	0	0	0.179	0.140	0	0.446	0.574
RP20_CCG001576	RP20_CCG020979	7160.A0A182G2Q1	7160.A0A182H3K3	0	0	0	0	0.209	0	0.505	0.157	0.641
RP20_CCG001576	RP20_CCG011270	7160.A0A182G2Q1	7160.A0A182GK16	0	0	0	0	0.083	0	0.617	0.568	0.835
RP20_CCG001576	RP20_CCG027115	7160.A0A182G2Q1	7160.A0A182HDC1	0	0	0	0	0.067	0.090	0.656	0.528	0.843
RP20_CCG001576	RP20_CCG010567	7160.A0A182G2Q1	7160.A0A182GIN2	0	0	0	0	0	0.237	0.665	0.564	0.878
RP20_CCG001576	RP20_CCG012454	7160.A0A182G2Q1	7160.A0A182GMD7	0	0	0	0	0.164	0.852	0.858	0.594	0.991
RP20_CCG001707	RP20_CCG003006	7160.A0A182G2Y4	7160.A0A182G4X0	0	0	0	0	0	0	0.445	0.124	0.493
RP20_CCG001881	RP20_CCG026399	7160.A0A182G352	7160.A0A023EJK9	0	0	0	0	0	0.453	0	0.233	0.562
RP20_CCG001881	RP20_CCG009226	7160.A0A182G352	7160.A0A182GFX2	0	0	0	0	0.173	0.122	0.386	0.153	0.571
RP20_CCG001881	RP20_CCG013225	7160.A0A182G352	7160.A0A182GP17	0	0	0	0	0	0.125	0.119	0.528	0.604
RP20_CCG002028	RP20_CCG023467	7160.A0A182G3B9	7160.A0A023EID3	0	0	0	0	0.077	0.207	0.390	0.172	0.580
RP20_CCG002028	RP20_CCG026399	7160.A0A182G3B9	7160.A0A023EJK9	0	0	0	0	0	0.569	0.364	0.233	0.771
RP20_CCG002028	RP20_CCG011270	7160.A0A182G3B9	7160.A0A182GK16	0	0	0	0	0.085	0.057	0.365	0	0.404
RP20_CCG002028	RP20_CCG028181	7160.A0A182G3B9	7160.A0A182HEW6	0	0	0	0	0.065	0.141	0.285	0.098	0.412
RP20_CCG002028	RP20_CCG003235	7160.A0A182G3B9	7160.A0A182G593	0	0	0	0	0	0	0.386	0.131	0.443
RP20_CCG002028	RP20_CCG004770	7160.A0A182G3B9	7160.A0A182G7R5	0	0	0	0	0.087	0	0	0.433	0.460
RP20_CCG002028	RP20_CCG021504	7160.A0A182G3B9	7160.A0A182H4G7	0	0	0	0	0.096	0.097	0.373	0.092	0.473
RP20_CCG002131	RP20_CCG020920	7160.A0A182G3H6	7160.A0A023EQE1	0	0	0	0	0.083	0.623	0	0.098	0.660
RP20_CCG002131	RP20_CCG010567	7160.A0A182G3H6	7160.A0A182GIN2	0	0	0	0	0	0.055	0	0.467	0.474
RP20_CCG002131	RP20_CCG008646	7160.A0A182G3H6	7160.A0A182GER1	0	0	0	0	0	0.433	0	0.129	0.485
RP20_CCG002131	RP20_CCG015609	7160.A0A182G3H6	7160.A0A182GTQ3	0	0	0	0	0.173	0.431	0	0.258	0.620
RP20_CCG002131	RP20_CCG007000	7160.A0A182G3H6	7160.A0A182GBK3	0	0	0	0	0	0.391	0.556	0.124	0.742
RP20_CCG002131	RP20_CCG020338	7160.A0A182G3H6	7160.A0A182H2D7	0	0	0	0	0	0.129	0.595	0.488	0.803
RP20_CCG002131	RP20_CCG008643	7160.A0A182G3H6	7160.A0A182GEQ8	0	0	0	0	0	0.501	0.489	0.314	0.809
RP20_CCG002131	RP20_CCG024597	7160.A0A182G3H6	7160.A0A182H9C6	0	0	0	0	0.116	0.807	0.119	0.471	0.909
RP20_CCG002133	RP20_CCG007886	7160.A0A182G3H7	7160.A0A182GD72	0	0	0.470	0	0	0	0	0	0.470
RP20_CCG002156	RP20_CCG015609	7160.A0A182G3J1	7160.A0A182GTQ3	0	0	0	0	0.043	0	0	0.415	0.416
RP20_CCG002156	RP20_CCG023780	7160.A0A182G3J1	7160.A0A182H841	0	0	0	0	0	0.065	0	0.527	0.538
RP20_CCG002156	RP20_CCG010259	7160.A0A182G3J1	7160.A0A182GI06	0	0	0	0	0.042	0.117	0.133	0.527	0.606
RP20_CCG002230	RP20_CCG019046	7160.A0A182G3N4	7160.A0A182H044	0	0	0	0	0	0	0	0.587	0.587
RP20_CCG002233	RP20_CCG020338	7160.A0A182G3N7	7160.A0A182H2D7	0	0	0	0	0	0	0	0.447	0.447
RP20_CCG002318	RP20_CCG016583	7160.A0A182G3U2	7160.A0A182GVN2	0	0	0	0	0.043	0.140	0.320	0.055	0.400
RP20_CCG002728	RP20_CCG015915	7160.A0A182G4H0	7160.A0A182GUD0	0	0	0	0	0.043	0.264	0.211	0.071	0.414
RP20_CCG002759	RP20_CCG025494	7160.A0A182G4J4	7160.A0A023EPY3	0.078	0	0	0	0	0	0	0.420	0.442
RP20_CCG002759	RP20_CCG003196	7160.A0A182G4J4	7160.A0A182G573	0.054	0	0	0.562	0.249	0	0.203	0.070	0.402
RP20_CCG002759	RP20_CCG020921	7160.A0A182G4J4	7160.A0A182H3G2	0.043	0	0	0	0	0.145	0.193	0.210	0.408
RP20_CCG002759	RP20_CCG004255	7160.A0A182G4J4	7160.A0A182G6W1	0.056	0	0	0	0.205	0	0.283	0.101	0.451
RP20_CCG002759	RP20_CCG008617	7160.A0A182G4J4	7160.A0A182GEP3	0.056	0	0	0	0.205	0	0.283	0.260	0.548
RP20_CCG002759	RP20_CCG018290	7160.A0A182G4J4	7160.A0A182GYQ8	0.072	0	0	0	0.105	0.099	0.378	0.189	0.553
RP20_CCG002759	RP20_CCG019112	7160.A0A182G4J4	7160.A0A182H086	0.072	0	0	0	0.105	0.099	0.378	0.189	0.553
RP20_CCG002897	RP20_CCG006215	7160.A0A182G4R2	7160.A0A182GA81	0	0	0	0	0.043	0	0.907	0	0.908
RP20_CCG002897	RP20_CCG014045	7160.A0A182G4R2	7160.A0A182GQP1	0	0	0	0	0.043	0	0.909	0	0.909
RP20_CCG002936	RP20_CCG020998	7160.A0A182G4S7	7160.A0A182H3L7	0	0	0	0	0.070	0.382	0	0	0.400
RP20_CCG002936	RP20_CCG009705	7160.A0A182G4S7	7160.A0A182GGX6	0	0	0	0	0	0.556	0	0	0.556
RP20_CCG002937	RP20_CCG003697	7160.A0A182G4S8	7160.A0A023EIB6	0	0	0	0	0.084	0.101	0.110	0.299	0.417
RP20_CCG002937	RP20_CCG009300	7160.A0A182G4S8	7160.A0A182GG23	0	0	0	0	0	0	0	0.528	0.528
RP20_CCG002937	RP20_CCG004132	7160.A0A182G4S8	7160.A0A182G6N6	0	0	0	0	0	0	0.617	0.085	0.634
RP20_CCG002937	RP20_CCG013225	7160.A0A182G4S8	7160.A0A182GP17	0	0	0	0	0.042	0.204	0.218	0.528	0.680
RP20_CCG003006	RP20_CCG024102	7160.A0A182G4X0	7160.A0A182H8J7	0	0	0	0	0	0.344	0	0.628	0.745
RP20_CCG003196	RP20_CCG011899	7160.A0A182G573	7160.A0A182GLB9	0	0	0	0	0.042	0.407	0	0	0.407
RP20_CCG003196	RP20_CCG012306	7160.A0A182G573	7160.A0A182GM48	0	0	0	0	0	0.390	0.209	0.124	0.540
RP20_CCG003196	RP20_CCG008228	7160.A0A182G573	7160.A0A182GDW5	0	0	0	0	0.048	0	0	0.628	0.630
RP20_CCG003235	RP20_CCG003697	7160.A0A182G593	7160.A0A023EIB6	0	0	0	0	0	0.064	0.264	0.233	0.425
RP20_CCG003235	RP20_CCG023467	7160.A0A182G593	7160.A0A023EID3	0	0	0	0	0	0.082	0.592	0.122	0.642
RP20_CCG003235	RP20_CCG026399	7160.A0A182G593	7160.A0A023EJK9	0	0	0	0	0	0.142	0.581	0.564	0.829
RP20_CCG003235	RP20_CCG016099	7160.A0A182G593	7160.A0A182GUQ1	0	0	0	0	0.042	0.144	0.288	0.124	0.420
RP20_CCG003235	RP20_CCG020280	7160.A0A182G593	7160.A0A182H296	0	0	0	0	0	0.114	0	0.449	0.490
RP20_CCG003235	RP20_CCG014226	7160.A0A182G593	7160.A0A182GR17	0	0	0	0	0	0.624	0	0.433	0.777
RP20_CCG003245	RP20_CCG022981	7160.A0A182G598	7160.A0A182H6W8	0	0	0	0	0	0	0	0.449	0.449
RP20_CCG003245	RP20_CCG008767	7160.A0A182G598	7160.A0A182GEZ6	0	0	0	0	0	0	0	0.449	0.449
RP20_CCG003299	RP20_CCG010187	7160.A0A182G5B9	7160.A0A182GHU9	0	0	0	0	0.416	0	0	0.273	0.557
RP20_CCG003299	RP20_CCG013505	7160.A0A182G5B9	7160.A0A182GPM1	0	0	0	0	0.416	0	0	0.273	0.557
RP20_CCG003299	RP20_CCG023740	7160.A0A182G5B9	7160.A0A182H812	0	0	0	0	0.143	0.347	0	0.528	0.712
RP20_CCG003410	RP20_CCG023468	7160.A0A023EJQ3	7160.A0A182H7L6	0	0	0	0	0.042	0.537	0	0.382	0.701
RP20_CCG003480	RP20_CCG025494	7160.A0A182G5M6	7160.A0A023EPY3	0	0	0	0	0.205	0.126	0	0.270	0.448
RP20_CCG003480	RP20_CCG011874	7160.A0A182G5M6	7160.A0A023EQV8	0.049	0	0	0	0.350	0.220	0.285	0.166	0.660
RP20_CCG003480	RP20_CCG015580	7160.A0A182G5M6	7160.A0A182GTN3	0.046	0	0	0	0.143	0.185	0.216	0.094	0.440
RP20_CCG003480	RP20_CCG013225	7160.A0A182G5M6	7160.A0A182GP17	0.053	0	0	0	0.083	0.140	0.285	0.123	0.446
RP20_CCG003480	RP20_CCG007750	7160.A0A182G5M6	7160.A0A182GCX7	0.046	0	0	0	0.143	0.185	0.216	0.124	0.458
RP20_CCG003480	RP20_CCG023148	7160.A0A182G5M6	7160.A0A182H742	0.049	0	0	0	0.350	0.178	0.224	0.100	0.580
RP20_CCG003480	RP20_CCG023410	7160.A0A182G5M6	7160.A0A182H7I4	0	0	0	0	0.105	0.537	0	0.315	0.691
RP20_CCG003480	RP20_CCG021504	7160.A0A182G5M6	7160.A0A182H4G7	0.041	0	0	0	0.401	0.317	0.217	0.332	0.757
RP20_CCG003480	RP20_CCG003693	7160.A0A182G5M6	7160.A0A182G5Y8	0	0	0	0	0.042	0.619	0.419	0.269	0.824
RP20_CCG003480	RP20_CCG025714	7160.A0A182G5M6	7160.A0A182HB57	0	0	0.047	0.988	0	0	0.900	0	0.900
RP20_CCG003534	RP20_CCG003697	7160.A0A023EJP8	7160.A0A023EIB6	0	0	0	0	0.044	0	0.406	0.133	0.464
RP20_CCG003534	RP20_CCG016454	7160.A0A023EJP8	7160.A0A182GVG6	0	0	0	0	0	0	0.555	0.183	0.620
RP20_CCG003534	RP20_CCG012416	7160.A0A023EJP8	7160.A0A182GMC1	0	0	0	0	0	0	0.559	0.269	0.663
RP20_CCG003693	RP20_CCG025714	7160.A0A182G5Y8	7160.A0A182HB57	0	0	0	0	0.042	0.619	0.419	0.269	0.824
RP20_CCG003697	RP20_CCG021402	7160.A0A023EIB6	7160.A0A023EBS4	0	0	0	0	0	0.750	0	0.133	0.773
RP20_CCG003697	RP20_CCG013225	7160.A0A023EIB6	7160.A0A182GP17	0	0	0.099	0.773	0.128	0.139	0.175	0.094	0.402
RP20_CCG003697	RP20_CCG027878	7160.A0A023EIB6	7160.A0A182HEH2	0	0	0	0	0	0	0.392	0.135	0.451
RP20_CCG003697	RP20_CCG012611	7160.A0A023EIB6	7160.A0A182GMR2	0	0	0	0	0	0.419	0	0.152	0.486
RP20_CCG003697	RP20_CCG023467	7160.A0A023EIB6	7160.A0A023EID3	0	0	0	0	0.151	0.139	0.273	0.186	0.509
RP20_CCG003697	RP20_CCG016454	7160.A0A023EIB6	7160.A0A182GVG6	0	0	0	0	0	0.056	0.581	0.069	0.599
RP20_CCG003697	RP20_CCG012416	7160.A0A023EIB6	7160.A0A182GMC1	0	0	0	0	0.041	0.066	0.582	0.317	0.710
RP20_CCG003697	RP20_CCG026399	7160.A0A023EIB6	7160.A0A023EJK9	0	0	0.097	0.867	0.108	0.427	0.384	0.177	0.723
RP20_CCG003697	RP20_CCG015087	7160.A0A023EIB6	7160.A0A182GSS4	0	0	0	0	0	0.236	0.453	0.447	0.748
RP20_CCG003867	RP20_CCG018493	7160.A0A182G698	7160.A0A182GZ59	0	0	0	0	0	0	0	0.563	0.563
RP20_CCG003891	RP20_CCG006763	7160.A0A182G6A9	7160.A0A182GB50	0	0.097	0.472	0	0	0	0	0	0.503
RP20_CCG003981	RP20_CCG007886	7160.A0A182G6F8	7160.A0A182GD72	0	0	0	0	0.042	0.087	0.404	0	0.433
RP20_CCG003981	RP20_CCG012416	7160.A0A182G6F8	7160.A0A182GMC1	0	0	0	0	0	0	0.565	0.300	0.682
RP20_CCG004030	RP20_CCG010630	7160.A0A023ED66	7160.A0A182GIS9	0	0	0	0	0.169	0.334	0	0	0.422
RP20_CCG004030	RP20_CCG010133	7160.A0A023ED66	7160.A0A182GHS1	0	0	0	0	0.194	0.345	0.104	0.117	0.526
RP20_CCG004030	RP20_CCG017612	7160.A0A023ED66	7160.A0A182GXI4	0	0	0	0	0	0.543	0	0	0.543
RP20_CCG004030	RP20_CCG013219	7160.A0A023ED66	7160.A0A182GP12	0	0	0	0	0.044	0.569	0	0	0.570
RP20_CCG004030	RP20_CCG006265	7160.A0A023ED66	7160.A0A182GAB6	0	0	0	0	0.044	0.569	0	0	0.570
RP20_CCG004030	RP20_CCG009705	7160.A0A023ED66	7160.A0A182GGX6	0	0	0	0	0.119	0.622	0.096	0	0.672
RP20_CCG004030	RP20_CCG028035	7160.A0A023ED66	7160.A0A182HEN7	0	0	0	0	0.418	0.539	0	0.101	0.737
RP20_CCG004030	RP20_CCG024828	7160.A0A023ED66	7160.A0A182H9P7	0	0	0	0	0.568	0.622	0.381	0.209	0.909
RP20_CCG004030	RP20_CCG021775	7160.A0A023ED66	7160.A0A182H4X0	0	0	0	0	0.792	0.806	0.287	0.242	0.975
RP20_CCG004132	RP20_CCG025782	7160.A0A182G6N6	7160.A0A182HB86	0	0	0	0	0	0.550	0	0	0.550
RP20_CCG004137	RP20_CCG019046	7160.A0A182G6P1	7160.A0A182H044	0	0	0	0	0.044	0	0	0.416	0.417
RP20_CCG004137	RP20_CCG013219	7160.A0A182G6P1	7160.A0A182GP12	0	0	0	0	0.074	0	0	0.446	0.465
RP20_CCG004244	RP20_CCG025494	7160.A0A182G6V7	7160.A0A023EPY3	0.043	0	0	0	0.042	0	0	0.499	0.500
RP20_CCG004244	RP20_CCG011190	7160.A0A182G6V7	7160.A0A182GJV0	0	0	0	0	0.138	0	0	0.362	0.426
RP20_CCG004244	RP20_CCG020746	7160.A0A182G6V7	7160.A0A182H362	0.112	0	0	0	0	0	0.579	0.096	0.632
RP20_CCG004244	RP20_CCG011959	7160.A0A182G6V7	7160.A0A182GLF1	0	0	0	0	0.337	0	0.482	0.124	0.672
RP20_CCG004462	RP20_CCG007174	7160.A0A182G786	7160.A0A182GBV7	0	0	0	0	0	0	0.119	0.349	0.401
RP20_CCG004464	RP20_CCG025494	7160.A0A182G788	7160.A0A023EPY3	0.046	0	0	0	0.077	0.098	0	0.373	0.435
RP20_CCG004464	RP20_CCG028242	7160.A0A182G788	7160.A0A182HEZ9	0	0	0	0	0	0	0	0.528	0.528
RP20_CCG004560	RP20_CCG008947	7160.A0A182G7D1	7160.A0A182GFC6	0	0	0.330	0	0.159	0.139	0.312	0.064	0.630
RP20_CCG004593	RP20_CCG020920	7160.A0A182G7F0	7160.A0A023EQE1	0.045	0	0	0	0	0.140	0	0.446	0.505
RP20_CCG004593	RP20_CCG015580	7160.A0A182G7F0	7160.A0A182GTN3	0.078	0	0	0	0.080	0	0	0.426	0.470
RP20_CCG004593	RP20_CCG015869	7160.A0A182G7F0	7160.A0A182GU89	0	0	0	0	0	0.543	0.440	0.099	0.749
RP20_CCG004593	RP20_CCG023468	7160.A0A182G7F0	7160.A0A182H7L6	0.045	0	0	0	0.074	0.414	0.371	0.567	0.833
RP20_CCG004593	RP20_CCG020703	7160.A0A182G7F0	7160.A0A182H338	0	0	0	0	0.122	0.305	0.580	0.448	0.839
RP20_CCG004593	RP20_CCG014290	7160.A0A182G7F0	7160.A0A182GR75	0	0	0	0	0.073	0.809	0.730	0.490	0.972
RP20_CCG004603	RP20_CCG023467	7160.A0A182G7F5	7160.A0A023EID3	0	0	0	0	0	0.631	0.110	0.464	0.808
RP20_CCG004603	RP20_CCG016454	7160.A0A182G7F5	7160.A0A182GVG6	0	0	0	0	0	0	0	0.422	0.422
RP20_CCG004603	RP20_CCG010956	7160.A0A182G7F5	7160.A0A182GJD7	0	0	0	0.549	0.173	0.055	0	0.393	0.484
RP20_CCG004693	RP20_CCG021176	7160.A0A182G7L0	7160.A0A182H3V6	0	0	0.414	0	0	0	0	0	0.414
RP20_CCG004768	RP20_CCG022363	7160.A0A182G7R3	7160.A0A182H5W3	0	0	0	0	0	0	0.900	0.128	0.909
RP20_CCG005275	RP20_CCG021176	7160.A0A182G8P0	7160.A0A182H3V6	0	0.002	0.435	0	0	0	0	0	0.435
RP20_CCG005741	RP20_CCG008319	7160.A0A182G9G7	7160.A0A182GE26	0	0	0	0	0.041	0.129	0.288	0.129	0.412
RP20_CCG005741	RP20_CCG006713	7160.A0A182G9G7	7160.A0A182GB21	0	0	0	0	0.521	0	0	0	0.521
RP20_CCG005741	RP20_CCG013225	7160.A0A182G9G7	7160.A0A182GP17	0	0	0	0	0.048	0.806	0.536	0.410	0.942
RP20_CCG006156	RP20_CCG023468	7160.A0A182GA53	7160.A0A182H7L6	0.054	0	0	0	0.065	0.124	0	0.344	0.423
RP20_CCG006156	RP20_CCG016583	7160.A0A182GA53	7160.A0A182GVN2	0	0	0	0	0.046	0.217	0.286	0.084	0.446
RP20_CCG006156	RP20_CCG020703	7160.A0A182GA53	7160.A0A182H338	0	0	0	0	0.085	0.238	0.166	0.197	0.470
RP20_CCG006265	RP20_CCG024828	7160.A0A182GAB6	7160.A0A182H9P7	0.058	0	0	0	0.100	0.369	0	0.102	0.455
RP20_CCG006265	RP20_CCG017612	7160.A0A182GAB6	7160.A0A182GXI4	0.075	0	0	0	0.417	0	0	0.132	0.491
RP20_CCG006265	RP20_CCG021775	7160.A0A182GAB6	7160.A0A182H4X0	0.069	0	0	0	0.242	0.380	0	0	0.524
RP20_CCG006265	RP20_CCG012629	7160.A0A182GAB6	7160.A0A182GMS9	0	0.567	0	0	0	0	0	0.055	0.574
RP20_CCG006265	RP20_CCG009705	7160.A0A182GAB6	7160.A0A182GGX6	0.077	0	0	0	0.417	0.328	0	0.128	0.642
RP20_CCG006265	RP20_CCG013219	7160.A0A182GAB6	7160.A0A182GP12	0	0	0	0	0	0.125	0.559	0.628	0.843
RP20_CCG006404	RP20_CCG024490	7160.A0A182GAK2	7160.A0A182H959	0	0	0	0	0	0.128	0.385	0.182	0.523
RP20_CCG006622	RP20_CCG020002	7160.A0A182GAX4	7160.A0A182H1S6	0	0	0	0	0	0.041	0.465	0	0.465
RP20_CCG006899	RP20_CCG016583	7160.A0A182GBE2	7160.A0A182GVN2	0	0	0	0	0.041	0.217	0.286	0.084	0.443
RP20_CCG006899	RP20_CCG020703	7160.A0A182GBE2	7160.A0A182H338	0	0	0	0	0.042	0.842	0.166	0.101	0.871
RP20_CCG006965	RP20_CCG018418	7160.A0A182GBH6	7160.A0A182GZ08	0.072	0	0	0	0.089	0	0.308	0.163	0.444
RP20_CCG006965	RP20_CCG007310	7160.A0A182GBH6	7160.A0A182GC41	0.072	0	0	0	0.089	0	0.855	0.275	0.899
RP20_CCG007000	RP20_CCG020338	7160.A0A182GBK3	7160.A0A182H2D7	0	0	0	0	0.053	0	0.858	0	0.859
RP20_CCG007000	RP20_CCG024597	7160.A0A182GBK3	7160.A0A182H9C6	0	0	0	0	0.096	0	0.858	0	0.866
RP20_CCG007119	RP20_CCG026368	7160.A0A182GBS7	7160.A0A182HC61	0	0	0	0	0	0.472	0	0	0.472
RP20_CCG007174	RP20_CCG009132	7160.A0A182GBV7	7160.A0A182GFQ8	0	0	0	0	0.118	0.190	0	0.237	0.407
RP20_CCG007174	RP20_CCG021504	7160.A0A182GBV7	7160.A0A182H4G7	0.055	0	0	0	0.050	0.327	0	0.312	0.528
RP20_CCG007211	RP20_CCG012239	7160.A0A182GBY5	7160.A0A182GM03	0	0	0.403	0	0	0	0	0	0.403
RP20_CCG007211	RP20_CCG027595	7160.A0A182GBY5	7160.A0A182HE13	0	0	0.405	0	0	0	0	0	0.405
RP20_CCG007211	RP20_CCG021137	7160.A0A182GBY5	7160.A0A182H3T1	0	0	0.420	0	0	0	0	0	0.420
RP20_CCG007211	RP20_CCG015350	7160.A0A182GBY5	7160.A0A182GT83	0	0	0.435	0	0	0	0	0	0.435
RP20_CCG007211	RP20_CCG020989	7160.A0A182GBY5	7160.A0A182H3K8	0	0	0.443	0	0	0	0	0	0.443
RP20_CCG007211	RP20_CCG007238	7160.A0A182GBY5	7160.A0A182GBZ5	0	0	0.454	0	0	0	0	0	0.454
RP20_CCG007238	RP20_CCG010842	7160.A0A182GBZ5	7160.A0A182H373	0	0.022	0.435	0	0	0	0	0	0.435
RP20_CCG007238	RP20_CCG025689	7160.A0A182GBZ5	7160.A0A182HB39	0	0	0.160	0.694	0	0	0.360	0	0.439
RP20_CCG007238	RP20_CCG015806	7160.A0A182GBZ5	7160.A0A182HEI5	0	0.020	0.440	0	0	0	0	0	0.440
RP20_CCG007238	RP20_CCG025029	7160.A0A182GBZ5	7160.A0A182HA07	0	0	0.168	0.730	0	0	0.360	0	0.445
RP20_CCG007238	RP20_CCG022500	7160.A0A182GBZ5	7160.A0A182H637	0	0	0.173	0.642	0	0	0.360	0	0.448
RP20_CCG007238	RP20_CCG012365	7160.A0A182GBZ5	7160.A0A182GM87	0	0	0.187	0.657	0	0	0.360	0	0.457
RP20_CCG007238	RP20_CCG027114	7160.A0A182GBZ5	7160.A0A182HDC0	0	0.061	0.463	0	0	0	0	0	0.474
RP20_CCG007310	RP20_CCG018418	7160.A0A182GC41	7160.A0A182GZ08	0	0	0	0	0	0	0.281	0.493	0.619
RP20_CCG007310	RP20_CCG019013	7160.A0A182GC41	7160.A0A182H022	0.060	0	0	0	0.054	0	0.900	0.100	0.909
RP20_CCG007311	RP20_CCG027188	7160.A0A182GC42	7160.A0A182HDG6	0	0	0	0	0	0.156	0	0.349	0.427
RP20_CCG007410	RP20_CCG022027	7160.A0A023EIL7	7160.A0A182H5B7	0.111	0	0	0	0	0	0	0.505	0.541
RP20_CCG007423	RP20_CCG023780	7160.A0A182GCC0	7160.A0A182H841	0.054	0	0	0	0	0	0.900	0.046	0.901
RP20_CCG007427	RP20_CCG023780	7160.A0A182GCC4	7160.A0A182H841	0.054	0	0	0	0	0	0.900	0.046	0.901
RP20_CCG007463	RP20_CCG012545	7160.A0A182GCE9	7160.A0A182GMK4	0	0	0.450	0	0	0	0	0	0.450
RP20_CCG007463	RP20_CCG007836	7160.A0A182GCE9	7160.A0A182GD47	0	0	0.456	0	0	0	0	0	0.456
RP20_CCG007490	RP20_CCG012281	7160.A0A182GCG5	7160.A0A182GM34	0	0	0	0	0.217	0.805	0	0.355	0.892
RP20_CCG007750	RP20_CCG025494	7160.A0A182GCX7	7160.A0A023EPY3	0.054	0	0	0	0.180	0.123	0	0.262	0.430
RP20_CCG007750	RP20_CCG025714	7160.A0A182GCX7	7160.A0A182HB57	0.046	0	0	0	0.143	0.185	0.216	0.124	0.458
RP20_CCG007750	RP20_CCG021504	7160.A0A182GCX7	7160.A0A182H4G7	0.049	0	0	0	0.129	0.128	0.262	0.201	0.496
RP20_CCG007750	RP20_CCG008406	7160.A0A182GCX7	7160.A0A182GE86	0	0	0	0	0.068	0.324	0.280	0	0.506
RP20_CCG007750	RP20_CCG019292	7160.A0A182GCX7	7160.A0A182H0K9	0	0	0	0	0.042	0.512	0	0	0.512
RP20_CCG007750	RP20_CCG015580	7160.A0A182GCX7	7160.A0A182GTN3	0	0	0	0	0.070	0	0.401	0.260	0.551
RP20_CCG007750	RP20_CCG025859	7160.A0A182GCX7	7160.A0A182HBD0	0	0	0	0	0.045	0.337	0.385	0.101	0.603
RP20_CCG008046	RP20_CCG025494	7160.A0A182GDI3	7160.A0A023EPY3	0.254	0	0	0	0	0.129	0	0.270	0.484
RP20_CCG008046	RP20_CCG023780	7160.A0A182GDI3	7160.A0A182H841	0.280	0	0	0	0	0	0	0.221	0.415
RP20_CCG008086	RP20_CCG021176	7160.A0A182GDL6	7160.A0A182H3V6	0	0.002	0.418	0	0	0	0	0	0.418
RP20_CCG008130	RP20_CCG014756	7160.A0A182GDP6	7160.A0A023EQ67	0.065	0	0	0	0	0.500	0	0.173	0.579
RP20_CCG008130	RP20_CCG022027	7160.A0A182GDP6	7160.A0A182H5B7	0.113	0	0	0	0.129	0	0	0.293	0.406
RP20_CCG008130	RP20_CCG026429	7160.A0A182GDP6	7160.A0A182HC90	0	0	0	0	0	0.114	0.419	0.235	0.571
RP20_CCG008130	RP20_CCG008319	7160.A0A182GDP6	7160.A0A182GE26	0	0	0	0	0	0.543	0	0.287	0.660
RP20_CCG008228	RP20_CCG025494	7160.A0A182GDW5	7160.A0A023EPY3	0.090	0	0	0	0.043	0	0	0.594	0.615
RP20_CCG008228	RP20_CCG011874	7160.A0A182GDW5	7160.A0A023EQV8	0.056	0	0	0	0.103	0	0.321	0.103	0.415
RP20_CCG008228	RP20_CCG023148	7160.A0A182GDW5	7160.A0A182H742	0.056	0	0	0	0.103	0	0.321	0.103	0.415
RP20_CCG008228	RP20_CCG016161	7160.A0A182GDW5	7160.A0A182GUV4	0.084	0	0	0	0.089	0	0	0.377	0.434
RP20_CCG008228	RP20_CCG016238	7160.A0A182GDW5	7160.A0A182GV15	0.073	0	0	0	0.222	0	0	0.489	0.599
RP20_CCG008228	RP20_CCG015997	7160.A0A182GDW5	7160.A0A182GUI2	0	0	0	0	0.069	0	0	0.594	0.605
RP20_CCG008228	RP20_CCG009705	7160.A0A182GDW5	7160.A0A182GGX6	0	0	0	0	0.555	0	0	0.304	0.677
RP20_CCG008228	RP20_CCG011302	7160.A0A182GDW5	7160.A0A182GK33	0.108	0	0	0	0	0	0.900	0	0.906
RP20_CCG008319	RP20_CCG013225	7160.A0A182GE26	7160.A0A182GP17	0	0	0	0	0.108	0.150	0.289	0.089	0.443
RP20_CCG008319	RP20_CCG024561	7160.A0A182GE26	7160.A0A182H9A7	0	0	0	0	0.042	0.424	0.294	0.195	0.644
RP20_CCG008319	RP20_CCG027115	7160.A0A182GE26	7160.A0A182HDC1	0	0	0	0	0.054	0.806	0	0.151	0.830
RP20_CCG008319	RP20_CCG011270	7160.A0A182GE26	7160.A0A182GK16	0	0	0	0	0	0.808	0.900	0.213	0.983
RP20_CCG008334	RP20_CCG028043	7160.A0A182GE35	7160.A0A182HEP5	0	0	0	0	0.042	0	0	0.495	0.495
RP20_CCG008334	RP20_CCG016021	7160.A0A182GE35	7160.A0A182GUJ6	0	0	0	0	0	0.409	0.169	0.124	0.532
RP20_CCG008406	RP20_CCG015580	7160.A0A182GE86	7160.A0A182GTN3	0	0	0	0.604	0.050	0.324	0.280	0	0.497
RP20_CCG008406	RP20_CCG016191	7160.A0A182GE86	7160.A0A182GUX7	0	0	0	0	0.064	0.453	0.072	0.145	0.539
RP20_CCG008406	RP20_CCG009705	7160.A0A182GE86	7160.A0A182GGX6	0	0	0	0	0.053	0.497	0	0.135	0.551
RP20_CCG008406	RP20_CCG016160	7160.A0A182GE86	7160.A0A182GUV3	0	0	0	0	0	0.543	0	0.101	0.571
RP20_CCG008406	RP20_CCG025859	7160.A0A182GE86	7160.A0A182HBD0	0	0	0	0	0.079	0.671	0	0.168	0.725
RP20_CCG008439	RP20_CCG010133	7160.A0A182GEB4	7160.A0A182GHS1	0	0	0	0	0.157	0.196	0.218	0.097	0.457
RP20_CCG008617	RP20_CCG010314	7160.A0A182GEP3	7160.A0A023EFS1	0	0	0	0	0.042	0.048	0.073	0.450	0.472
RP20_CCG008617	RP20_CCG018418	7160.A0A182GEP3	7160.A0A182GZ08	0.048	0	0	0	0	0	0.207	0.446	0.545
RP20_CCG008617	RP20_CCG011190	7160.A0A182GEP3	7160.A0A182GJV0	0.049	0	0	0	0.083	0	0.800	0.068	0.815
RP20_CCG008643	RP20_CCG015609	7160.A0A182GEQ8	7160.A0A182GTQ3	0	0	0	0	0	0.532	0.166	0.314	0.708
RP20_CCG008646	RP20_CCG024597	7160.A0A182GER1	7160.A0A182H9C6	0	0	0	0	0	0.448	0	0	0.448
RP20_CCG008646	RP20_CCG017609	7160.A0A182GER1	7160.A0A182GXI3	0	0	0	0	0.042	0.294	0.304	0	0.488
RP20_CCG008758	RP20_CCG020474	7160.A0A182GEY8	7160.A0A182H2N1	0	0	0	0	0	0.141	0	0.341	0.409
RP20_CCG008758	RP20_CCG022019	7160.A0A182GEY8	7160.A0A182H5B1	0	0	0	0	0.137	0.094	0	0.310	0.413
RP20_CCG008758	RP20_CCG027115	7160.A0A182GEY8	7160.A0A182HDC1	0	0	0	0	0.044	0	0	0.582	0.583
RP20_CCG008767	RP20_CCG021891	7160.A0A182GEZ6	7160.A0A182H540	0	0	0	0	0	0.081	0.389	0.097	0.448
RP20_CCG008767	RP20_CCG013614	7160.A0A182GEZ6	7160.A0A182GPU8	0	0	0	0	0.068	0.122	0	0.483	0.539
RP20_CCG008767	RP20_CCG020733	7160.A0A182GEZ6	7160.A0A182H356	0	0	0	0	0	0.477	0.937	0.233	0.972
RP20_CCG008879	RP20_CCG010259	7160.A0A182GF70	7160.A0A182GI06	0	0	0	0	0.043	0	0.903	0.070	0.907
RP20_CCG008947	RP20_CCG016093	7160.A0A182GFC6	7160.A0A023EKS2	0	0	0	0	0.251	0.141	0.098	0.128	0.426
RP20_CCG008947	RP20_CCG020979	7160.A0A182GFC6	7160.A0A182H3K3	0	0	0	0	0.133	0.212	0.094	0.295	0.505
RP20_CCG008994	RP20_CCG023468	7160.A0A182GFG3	7160.A0A182H7L6	0	0	0	0	0.048	0.323	0.280	0.097	0.524
RP20_CCG009046	RP20_CCG024490	7160.A0A182GFK3	7160.A0A182H959	0	0	0	0	0	0.538	0.105	0.087	0.589
RP20_CCG009132	RP20_CCG019551	7160.A0A182GFQ8	7160.A0A182H108	0	0	0	0	0	0	0	0.443	0.443
RP20_CCG009132	RP20_CCG025481	7160.A0A182GFQ8	7160.A0A182HAT0	0	0	0	0	0.044	0.358	0	0.218	0.478
RP20_CCG009132	RP20_CCG021504	7160.A0A182GFQ8	7160.A0A182H4G7	0	0	0	0	0.047	0.091	0	0.451	0.482
RP20_CCG009151	RP20_CCG017400	7160.A0A182GFS4	7160.A0A182GX42	0	0	0	0	0	0.190	0.287	0.087	0.426
RP20_CCG009155	RP20_CCG024561	7160.A0A023ER33	7160.A0A182H9A7	0	0	0	0	0.105	0	0.382	0	0.423
RP20_CCG009155	RP20_CCG016099	7160.A0A023ER33	7160.A0A182GUQ1	0	0	0	0	0.070	0.275	0.231	0.062	0.448
RP20_CCG009155	RP20_CCG020002	7160.A0A023ER33	7160.A0A182H1S6	0	0	0	0	0.362	0.582	0.408	0.502	0.910
RP20_CCG009226	RP20_CCG013225	7160.A0A182GFX2	7160.A0A182GP17	0	0	0	0	0	0.084	0.359	0.063	0.401
RP20_CCG009340	RP20_CCG016099	7160.A0A182GUP1	7160.A0A182GUQ1	0	0	0	0	0.044	0.120	0	0.451	0.497
RP20_CCG009705	RP20_CCG025494	7160.A0A182GGX6	7160.A0A023EPY3	0.113	0	0	0	0.154	0.140	0.261	0.304	0.607
RP20_CCG009705	RP20_CCG028035	7160.A0A182GGX6	7160.A0A182HEN7	0	0	0	0	0.137	0.339	0	0.053	0.412
RP20_CCG009705	RP20_CCG017612	7160.A0A182GGX6	7160.A0A182GXI4	0.077	0	0	0	0.447	0	0	0.148	0.527
RP20_CCG009705	RP20_CCG024828	7160.A0A182GGX6	7160.A0A182H9P7	0	0	0	0	0.160	0.426	0.064	0.158	0.569
RP20_CCG009705	RP20_CCG010133	7160.A0A182GGX6	7160.A0A182GHS1	0.084	0	0	0.569	0.453	0.168	0.072	0.189	0.629
RP20_CCG009705	RP20_CCG013219	7160.A0A182GGX6	7160.A0A182GP12	0.077	0	0	0	0.417	0.328	0	0.128	0.642
RP20_CCG009705	RP20_CCG025859	7160.A0A182GGX6	7160.A0A182HBD0	0	0	0	0	0.058	0.620	0	0.178	0.680
RP20_CCG009705	RP20_CCG016160	7160.A0A182GGX6	7160.A0A182GUV3	0	0	0	0	0.056	0.503	0.325	0.176	0.704
RP20_CCG009705	RP20_CCG021775	7160.A0A182GGX6	7160.A0A182H4X0	0.078	0	0	0	0.447	0.428	0.096	0.131	0.729
RP20_CCG009707	RP20_CCG016956	7160.A0A182GGX8	7160.A0A182GWA7	0	0	0	0	0	0.045	0	0.452	0.454
RP20_CCG009707	RP20_CCG018455	7160.A0A182GGX8	7160.A0A182GZ34	0	0	0	0	0	0	0	0.528	0.528
RP20_CCG009707	RP20_CCG013225	7160.A0A182GGX8	7160.A0A182GP17	0	0	0	0	0.041	0.045	0.619	0.061	0.628
RP20_CCG010133	RP20_CCG025494	7160.A0A182GHS1	7160.A0A023EPY3	0	0	0	0	0.173	0.167	0	0.420	0.565
RP20_CCG010133	RP20_CCG024828	7160.A0A182GHS1	7160.A0A182H9P7	0	0	0	0	0.168	0.234	0.066	0.127	0.410
RP20_CCG010133	RP20_CCG016238	7160.A0A182GHS1	7160.A0A182GV15	0	0	0	0	0	0.254	0	0.262	0.425
RP20_CCG010133	RP20_CCG028043	7160.A0A182GHS1	7160.A0A182HEP5	0	0	0	0	0.042	0.321	0	0.255	0.473
RP20_CCG010133	RP20_CCG021775	7160.A0A182GHS1	7160.A0A182H4X0	0	0	0	0	0.245	0.299	0.086	0.132	0.523
RP20_CCG010182	RP20_CCG025494	7160.A0A182GHU5	7160.A0A023EPY3	0	0	0	0	0.069	0	0	0.383	0.401
RP20_CCG010182	RP20_CCG012000	7160.A0A182GHU5	7160.A0A182GLI1	0	0	0	0	0.042	0	0.650	0	0.650
RP20_CCG010259	RP20_CCG013225	7160.A0A182GI06	7160.A0A182GP17	0	0	0	0	0	0.236	0.397	0.114	0.556
RP20_CCG010259	RP20_CCG022841	7160.A0A182GI06	7160.A0A182H6P5	0	0	0	0	0.100	0.053	0.418	0.259	0.583
RP20_CCG010314	RP20_CCG015609	7160.A0A023EFS1	7160.A0A182GTQ3	0	0	0	0	0	0	0.555	0.048	0.558
RP20_CCG010352	RP20_CCG014064	7160.A0A182GI84	7160.A0A182GQQ4	0	0	0.411	0	0	0	0	0	0.411
RP20_CCG010567	RP20_CCG016093	7160.A0A182GIN2	7160.A0A023EKS2	0	0	0	0	0	0	0.662	0.096	0.681
RP20_CCG010567	RP20_CCG024597	7160.A0A182GIN2	7160.A0A182H9C6	0	0	0	0	0.116	0	0	0.434	0.478
RP20_CCG010567	RP20_CCG020338	7160.A0A182GIN2	7160.A0A182H2D7	0	0	0	0	0	0	0	0.563	0.563
RP20_CCG010567	RP20_CCG020979	7160.A0A182GIN2	7160.A0A182H3K3	0	0	0	0	0	0	0.505	0.299	0.638
RP20_CCG010567	RP20_CCG012454	7160.A0A182GIN2	7160.A0A182GMD7	0	0	0	0	0	0.119	0.650	0.517	0.838
RP20_CCG010567	RP20_CCG027115	7160.A0A182GIN2	7160.A0A182HDC1	0	0	0	0	0	0.540	0.656	0.594	0.930
RP20_CCG010567	RP20_CCG011270	7160.A0A182GIN2	7160.A0A182GK16	0	0	0	0	0	0.960	0.617	0.593	0.993
RP20_CCG010658	RP20_CCG021652	7160.A0A182GIV3	7160.A0A182H4Q0	0	0	0.468	0	0	0	0	0	0.468
RP20_CCG010956	RP20_CCG023467	7160.A0A182GJD7	7160.A0A023EID3	0	0	0	0	0	0.599	0	0.434	0.763
RP20_CCG010956	RP20_CCG015568	7160.A0A182GJD7	7160.A0A182GTM7	0	0	0	0	0.042	0.071	0	0.453	0.470
RP20_CCG011177	RP20_CCG021652	7160.A0A182GJU2	7160.A0A182H4Q0	0	0	0.481	0	0	0	0	0	0.481
RP20_CCG011270	RP20_CCG020920	7160.A0A182GK16	7160.A0A023EQE1	0	0	0	0	0	0.433	0	0.117	0.477
RP20_CCG011270	RP20_CCG012454	7160.A0A182GK16	7160.A0A182GMD7	0	0	0	0	0.082	0.099	0.613	0.459	0.803
RP20_CCG011270	RP20_CCG027115	7160.A0A182GK16	7160.A0A182HDC1	0	0	0	0	0.042	0.968	0.613	0.593	0.994
RP20_CCG011363	RP20_CCG024530	7160.A0A182GK76	7160.A0A182H991	0	0	0	0	0	0.099	0.062	0.357	0.409
RP20_CCG011816	RP20_CCG021176	7160.A0A182GL59	7160.A0A182H3V6	0	0.001	0.442	0	0	0	0	0	0.442
RP20_CCG011874	RP20_CCG020733	7160.A0A023EQV8	7160.A0A182H356	0	0	0	0	0.042	0.056	0.391	0	0.401
RP20_CCG011874	RP20_CCG027041	7160.A0A023EQV8	7160.A0A182HD84	0	0	0	0	0.055	0.320	0	0.261	0.483
RP20_CCG011874	RP20_CCG017609	7160.A0A023EQV8	7160.A0A182GXI3	0	0	0	0	0	0.134	0.519	0.123	0.602
RP20_CCG011874	RP20_CCG025714	7160.A0A023EQV8	7160.A0A182HB57	0.049	0	0	0	0.350	0.220	0.285	0.166	0.660
RP20_CCG011874	RP20_CCG024251	7160.A0A023EQV8	7160.A0A182H8T1	0	0	0	0	0	0.326	0.557	0.130	0.717
RP20_CCG011874	RP20_CCG021504	7160.A0A023EQV8	7160.A0A182H4G7	0.052	0.047	0.347	0	0.418	0.198	0.293	0.321	0.830
RP20_CCG011899	RP20_CCG025782	7160.A0A182GLB9	7160.A0A182HB86	0	0	0	0	0	0.426	0	0.059	0.436
RP20_CCG011899	RP20_CCG016583	7160.A0A182GLB9	7160.A0A182GVN2	0	0	0	0	0	0	0	0.628	0.628
RP20_CCG011899	RP20_CCG012306	7160.A0A182GLB9	7160.A0A182GM48	0	0	0	0	0	0.958	0	0	0.958
RP20_CCG011959	RP20_CCG020746	7160.A0A182GLF1	7160.A0A182H362	0.108	0	0	0	0	0.432	0.388	0.259	0.739
RP20_CCG012009	RP20_CCG015609	7160.A0A182GLJ0	7160.A0A182GTQ3	0	0	0	0	0	0.319	0.284	0.101	0.523
RP20_CCG012145	RP20_CCG014643	7160.A0A182GLU1	7160.A0A182GRU6	0	0	0	0	0.419	0.119	0	0	0.466
RP20_CCG012161	RP20_CCG014779	7160.A0A182GLV4	7160.A0A182GS49	0	0	0	0	0	0.071	0.097	0.435	0.484
RP20_CCG012161	RP20_CCG026423	7160.A0A182GLV4	7160.A0A182HC86	0	0	0	0	0	0.553	0	0.123	0.591
RP20_CCG012161	RP20_CCG023468	7160.A0A182GLV4	7160.A0A182H7L6	0	0	0	0	0.077	0.141	0.052	0.579	0.641
RP20_CCG012239	RP20_CCG022561	7160.A0A182GM03	7160.A0A182H681	0	0	0.400	0	0	0	0	0	0.400
RP20_CCG012239	RP20_CCG027114	7160.A0A182GM03	7160.A0A182HDC0	0	0.007	0.405	0	0	0	0	0	0.405
RP20_CCG012239	RP20_CCG015350	7160.A0A182GM03	7160.A0A182GT83	0	0	0.412	0	0	0	0	0	0.412
RP20_CCG012239	RP20_CCG021137	7160.A0A182GM03	7160.A0A182H3T1	0	0	0.424	0	0	0	0	0	0.424
RP20_CCG012281	RP20_CCG020002	7160.A0A182GM34	7160.A0A182H1S6	0	0	0	0	0.097	0.065	0.590	0	0.623
RP20_CCG012365	RP20_CCG025689	7160.A0A182GM87	7160.A0A182HB39	0	0	0.145	0.732	0	0	0.360	0	0.429
RP20_CCG012365	RP20_CCG022500	7160.A0A182GM87	7160.A0A182H637	0	0	0.161	0.682	0	0	0.360	0	0.440
RP20_CCG012365	RP20_CCG025029	7160.A0A182GM87	7160.A0A182HA07	0	0	0.190	0.671	0	0	0.360	0	0.459
RP20_CCG012416	RP20_CCG023467	7160.A0A182GMC1	7160.A0A023EID3	0	0	0	0	0.051	0.278	0.278	0.106	0.498
RP20_CCG012416	RP20_CCG013225	7160.A0A182GMC1	7160.A0A182GP17	0	0	0	0	0	0.278	0.278	0.129	0.506
RP20_CCG012416	RP20_CCG015087	7160.A0A182GMC1	7160.A0A182GSS4	0	0	0	0	0.418	0	0	0.534	0.717
RP20_CCG012416	RP20_CCG016454	7160.A0A182GMC1	7160.A0A182GVG6	0	0	0	0	0	0.875	0.736	0.577	0.984
RP20_CCG012454	RP20_CCG016093	7160.A0A182GMD7	7160.A0A023EKS2	0	0	0	0	0.163	0	0.646	0.135	0.721
RP20_CCG012454	RP20_CCG024597	7160.A0A182GMD7	7160.A0A182H9C6	0	0	0	0	0.375	0.053	0	0.178	0.470
RP20_CCG012454	RP20_CCG020979	7160.A0A182GMD7	7160.A0A182H3K3	0	0	0	0	0.181	0.084	0.491	0.273	0.685
RP20_CCG012454	RP20_CCG027115	7160.A0A182GMD7	7160.A0A182HDC1	0	0	0	0	0.068	0.076	0.640	0.233	0.730
RP20_CCG012679	RP20_CCG023968	7160.A0A182GMV2	7160.A0A182H8E2	0	0	0	0	0	0.066	0.582	0.156	0.641
RP20_CCG012705	RP20_CCG025049	7160.A0A182GMX7	7160.A0A182HA21	0	0	0	0	0.137	0	0	0.397	0.457
RP20_CCG012728	RP20_CCG020474	7160.A0A182GMZ4	7160.A0A182H2N1	0	0	0	0	0	0.057	0	0.490	0.498
RP20_CCG012769	RP20_CCG017036	7160.A0A182GN25	7160.A0A182GWG4	0	0	0.261	0	0.050	0	0.130	0.233	0.468
RP20_CCG012980	RP20_CCG021176	7160.A0A182GNJ3	7160.A0A182H3V6	0	0	0.444	0	0	0	0	0	0.444
RP20_CCG013127	RP20_CCG022352	7160.A0A182GNU5	7160.A0A182H5V2	0	0	0	0	0	0	0.900	0	0.900
RP20_CCG013178	RP20_CCG021176	7160.A0A182GNY6	7160.A0A182H3V6	0	0.001	0.466	0	0	0	0	0	0.466
RP20_CCG013178	RP20_CCG013663	7160.A0A182GNY6	7160.A0A182GPX9	0	0	0.467	0	0	0	0	0	0.467
RP20_CCG013219	RP20_CCG017612	7160.A0A182GP12	7160.A0A182GXI4	0.075	0	0	0	0.417	0	0	0.132	0.491
RP20_CCG013219	RP20_CCG021775	7160.A0A182GP12	7160.A0A182H4X0	0.069	0	0	0	0.242	0.380	0	0.064	0.535
RP20_CCG013219	RP20_CCG024828	7160.A0A182GP12	7160.A0A182H9P7	0.058	0	0	0	0.155	0.369	0	0.261	0.579
RP20_CCG013225	RP20_CCG025051	7160.A0A182GP17	7160.A0A182HA22	0	0	0	0	0	0.287	0.120	0.138	0.411
RP20_CCG013225	RP20_CCG016454	7160.A0A182GP17	7160.A0A182GVG6	0	0	0	0	0	0.153	0.299	0.128	0.437
RP20_CCG013225	RP20_CCG025714	7160.A0A182GP17	7160.A0A182HB57	0.053	0	0	0	0.083	0.140	0.285	0.123	0.446
RP20_CCG013225	RP20_CCG019875	7160.A0A182GP17	7160.A0A182H1J3	0	0	0	0	0.107	0.046	0.421	0.096	0.494
RP20_CCG013225	RP20_CCG022841	7160.A0A182GP17	7160.A0A182H6P5	0	0	0	0	0.052	0.238	0.424	0.260	0.650
RP20_CCG013225	RP20_CCG022906	7160.A0A182GP17	7160.A0A182H6T4	0	0	0	0	0.043	0.098	0.604	0.100	0.651
RP20_CCG013225	RP20_CCG027379	7160.A0A182GP17	7160.A0A182HDP9	0	0	0	0	0	0.806	0.122	0.101	0.833
RP20_CCG013278	RP20_CCG015609	7160.A0A182GP53	7160.A0A182GTQ3	0	0	0	0	0	0.319	0.284	0.101	0.523
RP20_CCG013415	RP20_CCG018204	7160.A0A182GPF1	7160.A0A182GYJ6	0	0	0	0	0.111	0.126	0	0.332	0.435
RP20_CCG013614	RP20_CCG020920	7160.A0A182GPU8	7160.A0A023EQE1	0	0	0	0	0.042	0.141	0.061	0.576	0.628
RP20_CCG013614	RP20_CCG022981	7160.A0A182GPU8	7160.A0A182H6W8	0	0	0	0	0.068	0.122	0	0.483	0.539
RP20_CCG013663	RP20_CCG021176	7160.A0A182GPX9	7160.A0A182H3V6	0	0.004	0.477	0	0	0	0	0	0.477
RP20_CCG014064	RP20_CCG023342	7160.A0A182GQQ4	7160.A0A182H7E8	0	0.008	0.448	0	0	0	0	0	0.448
RP20_CCG014226	RP20_CCG020280	7160.A0A182GR17	7160.A0A182H296	0	0	0	0	0	0.973	0	0.594	0.988
RP20_CCG014290	RP20_CCG020703	7160.A0A182GR75	7160.A0A182H338	0	0	0	0	0	0.099	0.443	0.148	0.535
RP20_CCG014290	RP20_CCG015869	7160.A0A182GR75	7160.A0A182GU89	0	0	0	0	0	0.544	0.387	0.242	0.769
RP20_CCG014302	RP20_CCG026368	7160.A0A182GR85	7160.A0A182HC61	0	0	0	0	0	0.472	0	0	0.472
RP20_CCG014756	RP20_CCG019046	7160.A0A023EQ67	7160.A0A182H044	0.048	0	0	0	0	0	0	0.451	0.455
RP20_CCG014779	RP20_CCG028181	7160.A0A182GS49	7160.A0A182HEW6	0	0	0	0	0	0.235	0.266	0.091	0.445
RP20_CCG014779	RP20_CCG018905	7160.A0A182GS49	7160.A0A182GZU3	0	0	0	0.853	0	0.322	0.336	0.094	0.556
RP20_CCG015087	RP20_CCG017612	7160.A0A182GSS4	7160.A0A182GXI4	0	0	0	0	0.417	0	0	0.265	0.553
RP20_CCG015087	RP20_CCG021504	7160.A0A182GSS4	7160.A0A182H4G7	0	0	0	0	0.382	0.065	0	0.527	0.702
RP20_CCG015350	RP20_CCG015806	7160.A0A182GT83	7160.A0A182HEI5	0	0.003	0.422	0	0	0	0	0	0.422
RP20_CCG015350	RP20_CCG027114	7160.A0A182GT83	7160.A0A182HDC0	0	0.001	0.502	0	0	0	0	0	0.502
RP20_CCG015568	RP20_CCG026399	7160.A0A182GTM7	7160.A0A023EJK9	0	0	0	0	0	0.120	0.250	0.310	0.504
RP20_CCG015580	RP20_CCG025714	7160.A0A182GTN3	7160.A0A182HB57	0.046	0	0	0	0.143	0.185	0.216	0.094	0.440
RP20_CCG015580	RP20_CCG016191	7160.A0A182GTN3	7160.A0A182GUX7	0	0	0	0	0.049	0.141	0.446	0.061	0.518
RP20_CCG015580	RP20_CCG026289	7160.A0A182GTN3	7160.A0A182HC20	0	0	0	0	0	0.139	0.573	0	0.616
RP20_CCG015580	RP20_CCG025859	7160.A0A182GTN3	7160.A0A182HBD0	0	0	0	0	0.239	0.337	0.805	0.101	0.899
RP20_CCG015609	RP20_CCG017609	7160.A0A182GTQ3	7160.A0A182GXI3	0	0	0	0	0.169	0.043	0.120	0.261	0.413
RP20_CCG015609	RP20_CCG020921	7160.A0A182GTQ3	7160.A0A182H3G2	0	0	0	0	0	0.328	0	0.194	0.435
RP20_CCG015609	RP20_CCG016583	7160.A0A182GTQ3	7160.A0A182GVN2	0	0	0	0	0	0	0	0.527	0.527
RP20_CCG015609	RP20_CCG024490	7160.A0A182GTQ3	7160.A0A182H959	0	0	0	0	0	0.330	0.396	0.070	0.590
RP20_CCG015806	RP20_CCG020989	7160.A0A182HEI5	7160.A0A182H3K8	0	0.020	0.403	0	0	0	0	0	0.403
RP20_CCG015806	RP20_CCG021137	7160.A0A182HEI5	7160.A0A182H3T1	0	0.003	0.410	0	0	0	0	0	0.410
RP20_CCG015869	RP20_CCG020703	7160.A0A182GU89	7160.A0A182H338	0	0	0	0	0	0.141	0	0.349	0.416
RP20_CCG015869	RP20_CCG017609	7160.A0A182GU89	7160.A0A182GXI3	0	0	0	0	0.068	0.323	0.119	0.505	0.688
RP20_CCG015869	RP20_CCG024251	7160.A0A182GU89	7160.A0A182H8T1	0	0	0	0	0	0.542	0.325	0.390	0.794
RP20_CCG016021	RP20_CCG016202	7160.A0A182GUJ6	7160.A0A182GUY8	0	0	0	0	0.048	0.504	0.216	0.170	0.651
RP20_CCG016093	RP20_CCG021138	7160.A0A023EKS2	7160.A0A182H3T2	0	0	0	0	0	0.307	0	0.260	0.465
RP20_CCG016093	RP20_CCG020979	7160.A0A023EKS2	7160.A0A182H3K3	0	0	0	0	0.159	0.806	0.954	0.420	0.995
RP20_CCG016160	RP20_CCG016191	7160.A0A182GUV3	7160.A0A182GUX7	0	0	0	0	0	0.331	0	0.195	0.438
RP20_CCG016160	RP20_CCG021775	7160.A0A182GUV3	7160.A0A182H4X0	0	0	0	0	0	0.362	0.081	0.137	0.449
RP20_CCG016160	RP20_CCG025859	7160.A0A182GUV3	7160.A0A182HBD0	0	0	0	0	0	0.806	0	0.236	0.845
RP20_CCG016191	RP20_CCG017656	7160.A0A182GUX7	7160.A0A182GXK9	0	0	0	0	0.065	0.093	0.380	0.193	0.518
RP20_CCG016191	RP20_CCG018988	7160.A0A182GUX7	7160.A0A182H006	0	0	0	0	0.245	0.427	0	0	0.548
RP20_CCG016191	RP20_CCG026289	7160.A0A182GUX7	7160.A0A182HC20	0	0.015	0	0	0.105	0.139	0.404	0.156	0.560
RP20_CCG016191	RP20_CCG025859	7160.A0A182GUX7	7160.A0A182HBD0	0	0	0	0	0.088	0.804	0.551	0.299	0.936
RP20_CCG016238	RP20_CCG025494	7160.A0A182GV15	7160.A0A023EPY3	0.044	0	0	0	0	0	0	0.482	0.483
RP20_CCG016238	RP20_CCG028043	7160.A0A182GV15	7160.A0A182HEP5	0.110	0	0	0	0.225	0.104	0	0.271	0.489
RP20_CCG016238	RP20_CCG024828	7160.A0A182GV15	7160.A0A182H9P7	0.045	0	0	0	0.205	0.119	0	0.490	0.613
RP20_CCG016301	RP20_CCG020733	7160.A0A182GV54	7160.A0A182H356	0	0	0	0	0	0.140	0.312	0.137	0.444
RP20_CCG016448	RP20_CCG026423	7160.A0A182GVG0	7160.A0A182HC86	0	0	0	0	0	0	0	0.450	0.450
RP20_CCG016454	RP20_CCG023467	7160.A0A182GVG6	7160.A0A023EID3	0	0	0	0	0.068	0.189	0.273	0.532	0.708
RP20_CCG016546	RP20_CCG024530	7160.A0A182GVL4	7160.A0A182H991	0	0	0	0	0	0.099	0.062	0.357	0.409
RP20_CCG017400	RP20_CCG026764	7160.A0A182GX42	7160.A0A182HCT5	0	0	0	0	0	0.190	0.287	0.087	0.426
RP20_CCG017400	RP20_CCG024488	7160.A0A182GX42	7160.A0A182H958	0	0	0	0	0	0.427	0.287	0.422	0.743
RP20_CCG017609	RP20_CCG020733	7160.A0A182GXI3	7160.A0A182H356	0	0	0	0	0	0	0.449	0.059	0.459
RP20_CCG017609	RP20_CCG024251	7160.A0A182GXI3	7160.A0A182H8T1	0	0	0	0	0	0.894	0.734	0.536	0.985
RP20_CCG017612	RP20_CCG021775	7160.A0A182GXI4	7160.A0A182H4X0	0.055	0	0	0	0.174	0.345	0	0	0.444
RP20_CCG017612	RP20_CCG024828	7160.A0A182GXI4	7160.A0A182H9P7	0	0	0	0	0.061	0.390	0	0.148	0.469
RP20_CCG017612	RP20_CCG021504	7160.A0A182GXI4	7160.A0A182H4G7	0.046	0	0	0	0.251	0.239	0	0.303	0.570
RP20_CCG017656	RP20_CCG025859	7160.A0A182GXK9	7160.A0A182HBD0	0	0	0	0	0	0.104	0.558	0	0.587
RP20_CCG017904	RP20_CCG024251	7160.A0A182GY18	7160.A0A182H8T1	0	0	0	0	0	0.321	0.264	0.096	0.508
RP20_CCG018455	RP20_CCG021402	7160.A0A182GZ34	7160.A0A023EBS4	0	0	0	0	0	0.531	0	0.068	0.544
RP20_CCG018988	RP20_CCG022878	7160.A0A182H006	7160.A0A182H6R2	0	0	0	0	0.471	0	0	0.060	0.481
RP20_CCG019399	RP20_CCG022170	7160.A0A182H0R7	7160.A0A182H5J7	0	0	0	0	0.070	0	0	0.447	0.463
RP20_CCG019480	RP20_CCG024561	7160.A0A182H0X1	7160.A0A182H9A7	0	0	0	0	0.042	0.412	0	0.180	0.497
RP20_CCG020002	RP20_CCG021775	7160.A0A182H1S6	7160.A0A182H4X0	0	0	0	0	0.122	0.328	0.211	0.049	0.498
RP20_CCG020338	RP20_CCG024597	7160.A0A182H2D7	7160.A0A182H9C6	0	0	0	0	0.068	0.049	0.858	0.129	0.875
RP20_CCG020474	RP20_CCG025494	7160.A0A182H2N1	7160.A0A023EPY3	0.164	0	0	0	0	0.071	0	0.489	0.568
RP20_CCG020474	RP20_CCG024828	7160.A0A182H2N1	7160.A0A182H9P7	0.047	0	0	0	0.137	0	0.279	0.183	0.450
RP20_CCG020474	RP20_CCG027115	7160.A0A182H2N1	7160.A0A182HDC1	0	0	0	0	0.042	0.058	0	0.454	0.464
RP20_CCG020703	RP20_CCG026399	7160.A0A182H338	7160.A0A023EJK9	0	0	0	0	0	0	0	0.574	0.574
RP20_CCG020703	RP20_CCG020920	7160.A0A182H338	7160.A0A023EQE1	0	0	0	0	0.204	0	0.421	0.179	0.588
RP20_CCG020703	RP20_CCG026368	7160.A0A182H338	7160.A0A182HC61	0	0	0	0	0.045	0	0	0.628	0.629
RP20_CCG020703	RP20_CCG023468	7160.A0A182H338	7160.A0A182H7L6	0	0	0	0	0.360	0.419	0.502	0.504	0.895
RP20_CCG020733	RP20_CCG022981	7160.A0A182H356	7160.A0A182H6W8	0	0	0	0	0	0.477	0.396	0.233	0.736
RP20_CCG020733	RP20_CCG025782	7160.A0A182H356	7160.A0A182HB86	0	0	0	0	0	0.057	0.577	0.398	0.738
RP20_CCG020746	RP20_CCG020921	7160.A0A182H362	7160.A0A182H3G2	0.108	0	0	0	0.075	0	0.450	0.048	0.510
RP20_CCG020920	RP20_CCG027115	7160.A0A023EQE1	7160.A0A182HDC1	0	0	0	0	0	0.425	0	0.068	0.441
RP20_CCG020920	RP20_CCG026212	7160.A0A023EQE1	7160.A0A182HBY3	0	0	0	0	0.042	0.330	0	0.261	0.484
RP20_CCG020920	RP20_CCG024561	7160.A0A023EQE1	7160.A0A182H9A7	0	0	0	0	0.042	0.543	0.294	0.490	0.821
RP20_CCG020979	RP20_CCG021138	7160.A0A182H3K3	7160.A0A182H3T2	0	0	0	0	0	0.540	0	0.242	0.636
RP20_CCG020979	RP20_CCG027115	7160.A0A182H3K3	7160.A0A182HDC1	0	0	0	0	0	0	0.559	0.260	0.659
RP20_CCG020989	RP20_CCG021137	7160.A0A182H3K8	7160.A0A182H3T1	0	0.034	0.405	0	0	0	0	0	0.405
RP20_CCG020989	RP20_CCG022561	7160.A0A182H3K8	7160.A0A182H681	0	0	0.409	0	0	0	0	0	0.409
RP20_CCG020989	RP20_CCG027114	7160.A0A182H3K8	7160.A0A182HDC0	0	0.029	0.448	0	0	0	0	0	0.448
RP20_CCG021137	RP20_CCG027114	7160.A0A182H3T1	7160.A0A182HDC0	0	0.001	0.496	0	0	0	0	0	0.496
RP20_CCG021176	RP20_CCG024628	7160.A0A182H3V6	7160.A0A182H9E6	0	0	0.402	0	0	0	0	0	0.402
RP20_CCG021176	RP20_CCG025013	7160.A0A182H3V6	7160.A0A182H9Z6	0	0.001	0.440	0	0	0	0	0	0.440
RP20_CCG021504	RP20_CCG025494	7160.A0A182H4G7	7160.A0A023EPY3	0.071	0	0	0	0.050	0.141	0.120	0.582	0.670
RP20_CCG021504	RP20_CCG028043	7160.A0A182H4G7	7160.A0A182HEP5	0.056	0	0	0	0.044	0.078	0	0.400	0.433
RP20_CCG021504	RP20_CCG023148	7160.A0A182H4G7	7160.A0A182H742	0.052	0	0.217	0	0.337	0.198	0.293	0.183	0.718
RP20_CCG021504	RP20_CCG027041	7160.A0A182H4G7	7160.A0A182HD84	0	0	0	0	0	0.350	0.575	0.128	0.738
RP20_CCG021504	RP20_CCG025714	7160.A0A182H4G7	7160.A0A182HB57	0.041	0	0	0	0.401	0.317	0.217	0.332	0.757
RP20_CCG021504	RP20_CCG025481	7160.A0A182H4G7	7160.A0A182HAT0	0.042	0	0	0	0.611	0.362	0.300	0.260	0.854
RP20_CCG021775	RP20_CCG025494	7160.A0A182H4X0	7160.A0A023EPY3	0	0	0	0	0.107	0.241	0	0.269	0.461
RP20_CCG021775	RP20_CCG028035	7160.A0A182H4X0	7160.A0A182HEN7	0	0	0	0	0.365	0.339	0.176	0.048	0.626
RP20_CCG021775	RP20_CCG024828	7160.A0A182H4X0	7160.A0A182H9P7	0.078	0	0	0	0.337	0.428	0.288	0	0.717
RP20_CCG021891	RP20_CCG022981	7160.A0A182H540	7160.A0A182H6W8	0	0	0	0	0	0.081	0.389	0.097	0.448
RP20_CCG021891	RP20_CCG027786	7160.A0A182H540	7160.A0A182HEB8	0	0	0	0	0	0.133	0.359	0.233	0.536
RP20_CCG022027	RP20_CCG027396	7160.A0A182H5B7	7160.A0A182HDQ7	0	0	0	0	0	0	0	0.446	0.446
RP20_CCG022027	RP20_CCG025049	7160.A0A182H5B7	7160.A0A182HA21	0	0	0	0	0.042	0	0	0.452	0.452
RP20_CCG022500	RP20_CCG025029	7160.A0A182H637	7160.A0A182HA07	0	0	0.162	0.696	0	0	0.360	0	0.441
RP20_CCG022841	RP20_CCG023467	7160.A0A182H6P5	7160.A0A023EID3	0	0	0	0	0	0.319	0.174	0.233	0.530
RP20_CCG022841	RP20_CCG026399	7160.A0A182H6P5	7160.A0A023EJK9	0	0	0	0	0	0.318	0	0.157	0.400
RP20_CCG022918	RP20_CCG023468	7160.A0A182H6T8	7160.A0A182H7L6	0	0	0	0	0	0.200	0	0.303	0.418
RP20_CCG023148	RP20_CCG024251	7160.A0A182H742	7160.A0A182H8T1	0	0	0	0	0	0.165	0.351	0.056	0.443
RP20_CCG023148	RP20_CCG025714	7160.A0A182H742	7160.A0A182HB57	0.049	0	0	0	0.350	0.178	0.224	0.100	0.580
RP20_CCG023342	RP20_CCG027228	7160.A0A182H7E8	7160.A0A182HDI8	0	0.008	0.437	0	0	0	0	0	0.437
RP20_CCG023410	RP20_CCG027041	7160.A0A182H7I4	7160.A0A182HD84	0	0	0	0	0	0	0	0.484	0.483
RP20_CCG023410	RP20_CCG025714	7160.A0A182H7I4	7160.A0A182HB57	0	0	0	0	0.105	0.537	0	0.315	0.691
RP20_CCG023467	RP20_CCG026399	7160.A0A023EID3	7160.A0A023EJK9	0	0	0	0	0.069	0.598	0.591	0.528	0.918
RP20_CCG024251	RP20_CCG027723	7160.A0A182H8T1	7160.A0A182HE88	0	0	0	0	0	0.321	0.264	0.096	0.508
RP20_CCG024597	RP20_CCG025859	7160.A0A182H9C6	7160.A0A182HBD0	0	0	0	0	0.411	0	0	0	0.410
RP20_CCG024828	RP20_CCG028035	7160.A0A182H9P7	7160.A0A182HEN7	0	0	0	0	0.225	0.339	0.221	0.058	0.573
RP20_CCG025029	RP20_CCG025689	7160.A0A182HA07	7160.A0A182HB39	0	0	0.154	0.713	0	0	0.360	0	0.435
RP20_CCG025494	RP20_CCG025714	7160.A0A023EPY3	7160.A0A182HB57	0	0	0	0	0.205	0.126	0	0.270	0.448
RP20_CCG025494	RP20_CCG028043	7160.A0A023EPY3	7160.A0A182HEP5	0.059	0	0	0	0.143	0	0	0.396	0.470
RP20_CCG025859	RP20_CCG026289	7160.A0A182HBD0	7160.A0A182HC20	0	0	0	0	0.098	0.476	0.591	0.302	0.847
RP20_CCG026368	RP20_CCG026399	7160.A0A182HC61	7160.A0A023EJK9	0	0	0	0	0	0.098	0	0.574	0.599
RP20_CCG027114	RP20_CCG027595	7160.A0A182HDC0	7160.A0A182HE13	0	0.017	0.429	0	0	0	0	0	0.429
