#node	identifier	x_position	y_position	color	annotation
AAEL000053	7159.Q0C7A8	0.4318881477680862	0.4824435318275154	rgb(117,159,239)	AAEL000053-PA.
AAEL000065	7159.Q0C745	0.4392765520779887	0.4469609856262834	rgb(117,239,162)	AAEL000065-PA.
AAEL000093	7159.Q0C7B1	0.2804258594150847	0.6472895277207392	rgb(117,239,181)	AAEL000093-PA.
AAEL000242	7159.Q17PT9	0.5353258081067214	0.3918891170431212	rgb(101,199,255)	AAEL000242-PA; Belongs to the potassium channel family.
AAEL000247	7159.Q17PU2	0.2693432529502309	0.31279260780287477	rgb(239,197,117)	AAEL000247-PA.
AAEL000276	7159.Q17PN7	0.22501282709081583	0.1867556468172485	rgb(123,239,117)	AAEL000276-PA.
AAEL000324	7159.Q17PG3	0.23978963571062084	0.547864476386037	rgb(239,190,117)	Tyrosine-protein kinase drl.
AAEL000364	7159.Q17PI9	0.4831452026680349	0.1826899383983573	rgb(117,117,239)	Glycine cleavage system H protein; The H protein shuttles the methylamine group of glycine from the P protein to the T protein; Belongs to the GcvH family.
AAEL000397	7159.Q0IGF7	0.9269112365315547	0.18823408624229981	rgb(121,239,117)	AAEL000397-PA.
AAEL000431	7159.Q17PA7	0.17329399692149822	0.1867556468172485	rgb(255,0,0)	AAEL000431-PA.
AAEL000489	7159.Q17P09	0.34692149820420726	0.5659753593429159	rgb(117,117,239)	Non-specific serine/threonine protein kinase.
AAEL000542	7159.Q17NY9	0.12157516675218061	0.1867556468172485	rgb(117,205,239)	Amine oxidase.
AAEL000597	7159.Q17NP6	0.12157516675218061	0.3819096509240246	rgb(179,239,117)	AAEL000597-PA; Cadherins are calcium-dependent cell adhesion proteins.
AAEL000649	7159.Q17NM9	0.12157516675218061	0.4469609856262834	rgb(117,117,239)	AAEL000649-PA.
AAEL000682	7159.Q17NG1	0.4688301693175988	0.8254414784394251	rgb(117,239,129)	AAEL000682-PA.
AAEL000703	7159.Q17NG8	0.5907388404309902	0.46987679671457905	rgb(239,210,117)	Alpha-1,4 glucan phosphorylase; Phosphorylase is an important allosteric enzyme in carbohydrate metabolism. Enzymes from different sources differ in their regulatory mechanisms and in their natural substrates. However, all known phosphorylases share catalytic and structural properties.
AAEL000723	7159.Q17NC4	0.6461518727552592	0.8254414784394251	rgb(117,213,239)	AAEL000723-PA.
AAEL000729	7159.Q17NC1	0.6978707029245768	0.8254414784394251	rgb(143,239,117)	AAEL000729-PA.
AAEL000741	7159.Q17NE5	0.5944330425859415	0.8254414784394251	rgb(117,239,203)	Ecdysone-induced protein 74EF (ETS transcription factor E74A).
AAEL000805	7159.Q17N40	0.7495895330938944	0.8254414784394251	rgb(117,117,239)	AAEL000805-PA.
AAEL000818	7159.Q17N19	0.9195228322216522	0.5829774127310062	rgb(211,239,117)	Putative G-protein coupled receptor (GPCR).
AAEL000860	7159.Q17N01	0.9195228322216522	0.5652361396303902	rgb(117,210,239)	AAEL000860-PA.
AAEL000868	7159.Q17MX1	0.6101334017444844	0.5519301848049282	rgb(117,117,239)	AAEL000868-PA.
AAEL000891	7159.Q17MX7	0.5778091328886609	0.5060985626283369	rgb(176,239,117)	AAEL000891-PA.
AAEL000908	7159.Q17MX6	0.557491021036429	0.5452772073921972	rgb(185,239,117)	AAEL000908-PA.
AAEL000951	7159.Q17MM5	0.5057721908671113	0.41147843942505136	rgb(216,239,117)	AAEL000951-PA; Belongs to the EF-1-beta/EF-1-delta family.
AAEL001005	7159.Q17MI1	0.6479989738327347	0.36971252566735113	rgb(239,121,117)	Calreticulin.
AAEL001031	7159.Q17MG5	0.9195228322216522	0.4292197125256673	rgb(232,239,117)	AAEL001031-PA.
AAEL001104	7159.Q17M42	0.4120318111852232	0.4066735112936345	rgb(239,228,117)	AAEL001104-PA.
AAEL001116	7159.Q17M41	0.9195228322216522	0.3050308008213552	rgb(219,239,117)	AAEL001116-PA.
AAEL001237	7159.Q17LV1	0.845638789122627	0.1867556468172485	rgb(117,117,239)	AAEL001237-PA.
AAEL001273	7159.Q17LP8	0.5759620318111853	0.22260780287474335	rgb(117,117,239)	AAEL001273-PA.
AAEL001340	7159.Q17LI9	0.33491534120061567	0.3050308008213552	rgb(140,239,117)	AAEL001340-PA.
AAEL001437	7159.Q17LA6	0.7939199589533095	0.1867556468172485	rgb(197,239,117)	AAEL001437-PA.
AAEL001454	7159.Q17L67	0.29612621857362753	0.26363449691991786	rgb(149,239,117)	AAEL001454-PA.
AAEL001468	7159.Q17L66	0.30536172396100564	0.24515400410677618	rgb(117,117,239)	AAEL001468-PA.
AAEL001482	7159.Q17L13	0.23978963571062084	0.565605749486653	rgb(117,200,239)	AAEL001482-PA.
AAEL001567	7159.Q17KU1	0.3025910723447922	0.7618685831622177	rgb(239,196,117)	Myocyte-specific enhancer factor 2d.
AAEL001643	7159.Q17KJ5	0.30120574653668547	0.33718685831622175	rgb(117,201,239)	AAEL001643-PA.
AAEL001680	7159.Q17KI5	0.7422011287839918	0.1867556468172485	rgb(117,239,153)	AAEL001680-PA.
AAEL001702	7159.Q17KG8	0.3621600820933812	0.3682340862422998	rgb(239,134,117)	AAEL001702-PA.
AAEL001749	7159.Q17K93	0.6609286813750641	0.7371047227926079	rgb(117,117,239)	Rhomboid-like protein; Belongs to the peptidase S54 family.
AAEL001755	7159.Q17K92	0.7135710620831196	0.7308213552361398	rgb(117,117,239)	AAEL001755-PA.
AAEL001760	7159.Q17K95	0.5985890200102617	0.7382135523613964	rgb(117,239,117)	AAEL001760-PA.
AAEL001776	7159.Q17K68	0.6904822986146743	0.1867556468172485	rgb(117,214,239)	AAEL001776-PA.
AAEL001780	7159.Q17K67	0.3506157003591585	0.1926694045174538	rgb(127,239,117)	Homeobox protein distal-less dlx.
AAEL001798	7159.Q17K23	0.12896357106208312	0.6657700205338809	rgb(117,239,152)	AAEL001798-PA.
AAEL001818	7159.Q17K38	0.12896357106208312	0.648028747433265	rgb(0,28,178)	AAEL001818-PA.
AAEL001819	7159.Q17K58	0.12896357106208312	0.2932032854209446	rgb(117,236,239)	AAEL001819-PA.
AAEL001832	7159.Q17K20	0.12896357106208312	0.6835112936344969	rgb(117,168,239)	AAEL001832-PA.
AAEL001861	7159.Q17JY3	0.652154951257055	0.3431006160164271	rgb(174,239,117)	AAEL001861-PA.
AAEL001951	7159.Q6QNY2	0.3242945100051308	0.4240451745379877	rgb(117,117,239)	Pupal-specific flight muscle actin.
AAEL001959	7159.Q17JF6	0.2693432529502309	0.8195277207392198	rgb(117,239,196)	AAEL001959-PA.
AAEL002162	7159.Q17J25	0.5648794253463315	0.43624229979466117	rgb(117,179,239)	AAEL002162-PA.
AAEL002164	7159.Q17J24	0.6184453565931247	0.43624229979466117	rgb(14,178,0)	AAEL002164-PA.
AAEL002168	7159.Q17J26	0.592124166239097	0.39965092402464064	rgb(117,117,239)	AAEL002168-PA.
AAEL002169	7159.Q17J27	0.6406105695228322	0.643593429158111	rgb(130,239,117)	AAEL002169-PA.
AAEL002171	7159.Q17J33	0.3210620831195485	0.8195277207392198	rgb(117,226,239)	Ubiquitin specific proteinase.
AAEL002188	7159.Q17J05	0.4632888660851719	0.28248459958932237	rgb(117,239,149)	AAEL002188-PA.
AAEL002219	7159.Q17IU2	0.5205489994869164	0.8195277207392198	rgb(117,131,239)	Palmitoyltransferase; Belongs to the DHHC palmitoyltransferase family.
AAEL002220	7159.Q17J06	0.4757567983581324	0.2791581108829569	rgb(117,124,239)	AAEL002220-PA.
AAEL002287	7159.Q17IL0	0.6461518727552592	0.28765913757700207	rgb(117,239,142)	Trans-prenyltransferase.
AAEL002308	7159.Q17IM8	0.3192149820420728	0.11874743326488707	rgb(117,222,239)	AAEL002308-PA.
AAEL002321	7159.Q17IK5	0.17698819907644947	0.6772279260780288	rgb(117,153,239)	AAEL002321-PA.
AAEL002390	7159.Q17IC7	0.801308363263212	0.8195277207392198	rgb(195,239,117)	AAEL002390-PA.
AAEL002411	7159.Q17IA0	0.9121344279117496	0.772217659137577	rgb(117,141,239)	AAEL002411-PA.
AAEL002451	7159.Q17I67	0.13635197537198562	0.2518069815195072	rgb(117,217,239)	Zinc finger protein.
AAEL002487	7159.Q1HRW3	0.9269112365315547	0.6716837782340863	rgb(117,239,226)	P53 regulated pa26 nuclear protein sestrin.
AAEL002594	7159.Q17HS6	0.33537711646998464	0.5918480492813142	rgb(239,217,117)	AAEL002594-PA.
AAEL002628	7159.Q17HP2	0.13635197537198562	0.423305954825462	rgb(117,239,139)	AAEL002628-PA.
AAEL002690	7159.Q17HG6	0.13635197537198562	0.46470225872689935	rgb(239,142,117)	AAEL002690-PA.
AAEL002754	7159.Q17HA9	0.5514879425346332	0.656899383983573	rgb(117,117,239)	AAEL002754-PA.
AAEL002761	7159.Q17H75	0.27349923037455104	0.4318069815195072	rgb(137,239,117)	Putative tropomyosin invertebrate; Belongs to the tropomyosin family.
AAEL002813	7159.Q17H51	0.44712673165726013	0.22297741273100619	rgb(239,128,117)	ATP synthase-coupling factor 6, mitochondrial; Mitochondrial membrane ATP synthase (F(1)F(0) ATP synthase or Complex V) produces ATP from ADP in the presence of a proton gradient across the membrane which is generated by electron transport complexes of the respiratory chain; Belongs to the eukaryotic ATPase subunit F6 family.
AAEL002851	7159.Q17GX9	0.6909440738840431	0.3031827515400411	rgb(204,239,117)	Tubulin beta chain; Tubulin is the major constituent of microtubules. It binds two moles of GTP, one at an exchangeable site on the beta chain and one at a non-exchangeable site on the alpha chain.
AAEL002876	7159.Q17GV3	0.13635197537198562	0.5534086242299795	rgb(117,191,239)	AAEL002876-PA.
AAEL002891	7159.Q17GS2	0.13635197537198562	0.8136139630390145	rgb(117,130,239)	AAEL002891-PA.
AAEL002913	7159.Q17GS0	0.7620574653668549	0.49833675564681723	rgb(239,155,117)	AAEL002913-PA.
AAEL002936	7159.Q17GP4	0.7726782965623398	0.46100616016427104	rgb(117,239,177)	AAEL002936-PA.
AAEL002938	7159.Q17GP3	0.3949461262185736	0.8136139630390145	rgb(239,193,117)	Skd/vacuolar sorting; Belongs to the AAA ATPase family.
AAEL002967	7159.Q17GK3	0.8530271934325295	0.8136139630390145	rgb(117,117,239)	AAEL002967-PA.
AAEL003001	7159.Q17GJ0	0.8419445869676757	0.254394250513347	rgb(117,239,175)	AAEL003001-PA.
AAEL003013	7159.Q17GI1	0.15251410979989738	0.5715195071868584	rgb(117,239,204)	AAEL003013-PA; Belongs to the protein kinase superfamily.
AAEL003014	7159.Q17GH6	0.9047460236018471	0.8136139630390145	rgb(239,118,117)	AAEL003014-PA.
AAEL003109	7159.Q17GF2	0.9047460236018471	0.7130800821355237	rgb(147,239,117)	AAEL003109-PA.
AAEL003167	7159.Q17G70	0.7791431503335043	0.2991170431211499	rgb(117,138,239)	AAEL003167-PA.
AAEL003169	7159.Q17G69	0.7953052847614162	0.33977412731006157	rgb(239,178,117)	AAEL003169-PA.
AAEL003191	7159.Q17G52	0.2998204207285788	0.28728952772073924	rgb(239,162,117)	AAEL003191-PA.
AAEL003194	7159.Q17G59	0.9047460236018471	0.6953388090349076	rgb(136,239,117)	AAEL003194-PA; Belongs to the peptidase M24B family.
AAEL003199	7159.Q17G54	0.24717804002052335	0.29357289527720737	rgb(168,239,117)	AAEL003199-PA.
AAEL003252	7159.Q17FY6	0.9047460236018471	0.6539425051334703	rgb(117,216,239)	AAEL003252-PA.
AAEL003267	7159.Q17FX3	0.7029502308876348	0.35714579055441475	rgb(117,211,239)	AAEL003267-PA.
AAEL003290	7159.Q17FU9	0.4466649563878912	0.7119712525667352	rgb(117,239,126)	AAEL003290-PA.
AAEL003292	7159.Q17FU6	0.846562339661365	0.7189938398357291	rgb(239,222,117)	AAEL003292-PA.
AAEL003304	7159.Q17FU7	0.7939199589533095	0.7252772073921971	rgb(117,117,239)	AAEL003304-PA.
AAEL003355	7159.Q17FR0	0.9047460236018471	0.38782340862423	rgb(117,157,239)	AAEL003355-PA.
AAEL003407	7159.Q17FE8	0.323370959466393	0.8949281314168378	rgb(117,239,130)	AAEL003407-PA.
AAEL003414	7159.Q17FE9	0.31321190354027706	0.9333675564681726	rgb(117,117,239)	AAEL003414-PA.
AAEL003472	7159.Q17FC6	0.9047460236018471	0.35234086242299795	rgb(117,117,239)	AAEL003472-PA.
AAEL003506	7159.Q17F71	0.9047460236018471	0.33459958932238193	rgb(117,150,239)	AAEL003506-PA.
AAEL003527	7159.Q0IG29	0.3727809132888661	0.38782340862423	rgb(117,117,239)	AAEL003527-PA.
AAEL003564	7159.Q17F44	0.24717804002052335	0.2044969199178645	rgb(117,117,239)	AAEL003564-PA.
AAEL003592	7159.Q17F08	0.7495895330938944	0.3168583162217659	rgb(239,212,117)	AAEL003592-PA.
AAEL003609	7159.Q17F07	0.7657516675218061	0.35751540041067764	rgb(117,239,219)	AAEL003609-PA.
AAEL003619	7159.Q17EZ8	0.19545920985120574	0.2044969199178645	rgb(239,194,117)	Transporter; Belongs to the sodium:neurotransmitter symporter (SNF) (TC 2.A.22) family.
AAEL003688	7159.Q17ET2	0.14374037968188813	0.2044969199178645	rgb(239,150,117)	AAEL003688-PA.
AAEL003731	7159.Q17EP7	0.14374037968188813	0.31094455852156055	rgb(239,181,117)	Nuclear body associated kinase, putative.
AAEL003733	7159.Q17EP1	0.2679579271421242	0.34494866529774126	rgb(117,239,168)	AAEL003733-PA; Belongs to the peptidase C19 family.
AAEL003834	7159.Q17EB2	0.14374037968188813	0.754476386036961	rgb(117,117,239)	Metalloendopeptidase.
AAEL003861	7159.Q17EB3	0.14374037968188813	0.39965092402464064	rgb(117,239,159)	AAEL003861-PA.
AAEL003875	7159.Q17E80	0.18807080554130323	0.8077002053388092	rgb(236,239,117)	AAEL003875-PA.
AAEL003953	7159.Q17E44	0.37185736275012826	0.7552156057494868	rgb(239,214,117)	Map/microtubule affinity-regulating kinase 2,4.
AAEL003979	7159.Q17E15	0.36400718317085684	0.903429158110883	rgb(134,239,117)	Deadenylation factor EDEN-BP, putative.
AAEL004035	7159.Q17DX6	0.4466649563878912	0.8077002053388092	rgb(239,123,117)	AAEL004035-PA.
AAEL004088	7159.Q17DM5	0.572267829656234	0.8077002053388092	rgb(239,158,117)	Aldo-keto reductase.
AAEL004133	7159.Q17DL2	0.8290148794253464	0.37303901437371667	rgb(225,239,117)	AAEL004133-PA.
AAEL004255	7159.Q17DB6	0.6239866598255517	0.8077002053388092	rgb(150,239,117)	Zinc finger protein.
AAEL004292	7159.Q17D93	0.6757054899948692	0.8077002053388092	rgb(239,172,117)	AAEL004292-PA.
AAEL004351	7159.Q17D24	0.7274243201641868	0.8077002053388092	rgb(239,152,117)	AAEL004351-PC; Belongs to the protein kinase superfamily.
AAEL004457	7159.Q1HRI9	0.5551821446895845	0.28470225872689936	rgb(239,203,117)	Mitochondrial cytochrome c; Electron carrier protein. The oxidized form of the cytochrome c heme group can accept an electron from the heme group of the cytochrome c1 subunit of cytochrome reductase. Cytochrome c then transfers this electron to the cytochrome oxidase complex, the final protein carrier in the mitochondrial electron-transport chain.
AAEL004463	7159.Q17CP5	0.7939199589533095	0.7075359342915811	rgb(117,239,238)	AAEL004463-PA; Belongs to the two pore domain potassium channel (TC 1.A.1.8) family.
AAEL004464	7159.Q17CP3	0.3626218573627501	0.6872073921971253	rgb(191,239,117)	AAEL004464-PA.
AAEL004478	7159.Q17CP4	0.846562339661365	0.701252566735113	rgb(117,117,239)	AAEL004478-PA.
AAEL004525	7159.Q17CM5	0.7657516675218061	0.6295482546201232	rgb(117,239,161)	AAEL004525-PA.
AAEL004549	7159.Q17CG1	0.7435864545920986	0.38117043121149896	rgb(117,117,239)	AAEL004549-PA.
AAEL004632	7159.Q17C94	0.8973576192919447	0.6007186858316222	rgb(117,144,239)	AAEL004632-PA.
AAEL004651	7159.Q17C93	0.5999743458183685	0.15829568788501028	rgb(117,239,174)	Multiple ankyrin repeats single kh domain protein.
AAEL004715	7159.Q17C29	0.20746536685479733	0.16347022587268994	rgb(117,182,239)	AAEL004715-PA.
AAEL004717	7159.Q17C39	0.6978707029245768	0.4428952772073922	rgb(101,255,163)	AAEL004717-PA.
AAEL004737	7159.Q17BY7	0.8973576192919447	0.5474948665297742	rgb(117,117,239)	Lim domain binding protein.
AAEL004900	7159.Q17BN5	0.6987942534633146	0.2813757700205339	rgb(117,239,180)	AAEL004900-PA; Belongs to the FPP/GGPP synthase family.
AAEL004934	7159.Q17BK4	0.2924320164186763	0.5593223819301849	rgb(117,188,239)	AAEL004934-PA.
AAEL004974	7159.Q17BE2	0.8973576192919447	0.5297535934291581	rgb(181,239,117)	Galactosylgalactosylxylosylprotein 3-beta-glucuronosyltransferase; Belongs to the glycosyltransferase 43 family.
AAEL005076	7159.Q17B63	0.8973576192919447	0.24589322381930184	rgb(239,185,117)	Alanyl aminopeptidase.
AAEL005089	7159.Q17B44	0.7865315546434068	0.6070020533880903	rgb(117,117,239)	AAEL005089-PA.
AAEL005099	7159.Q17B43	0.8391739353514623	0.6007186858316222	rgb(239,226,117)	Rap GTPase-activating protein.
AAEL005100	7159.Q17B23	0.7569779374037969	0.2044969199178645	rgb(117,169,239)	AAEL005100-PA.
AAEL005147	7159.Q17AZ6	0.7052591072344794	0.2044969199178645	rgb(239,177,117)	AAEL005147-PA.
AAEL005160	7159.Q17AX2	0.15112878399179067	0.4824435318275154	rgb(117,239,216)	Sulphate transporter.
AAEL005281	7159.Q17AJ3	0.15112878399179067	0.5001848049281314	rgb(117,119,239)	AAEL005281-PA.
AAEL005302	7159.Q17AG5	0.7634427911749615	0.4351334702258727	rgb(117,235,239)	Beta-1,4-galactosyltransferase.
AAEL005315	7159.Q17AC7	0.15112878399179067	0.5179260780287475	rgb(117,239,178)	AAEL005315-PA.
AAEL005448	7159.Q179Z3	0.15112878399179067	0.7308213552361398	rgb(117,239,222)	AAEL005448-PA; Belongs to the protein kinase superfamily. Tyr protein kinase family.
AAEL005452	7159.Q17A00	0.15112878399179067	0.6243737166324436	rgb(117,239,239)	AAEL005452-PA.
AAEL005463	7159.Q179X5	0.19084145715751671	0.4177618069815195	rgb(117,198,239)	AAEL005463-PA.
AAEL005581	7159.Q179N7	0.6830938943047717	0.5534086242299795	rgb(117,239,188)	Transporter; Belongs to the sodium:neurotransmitter symporter (SNF) (TC 2.A.22) family.
AAEL005640	7159.Q0IFE7	0.6683170856849667	0.5888911704312115	rgb(117,117,239)	AAEL005640-PA.
AAEL005655	7159.Q179E9	0.12296049256028733	0.5959137577002054	rgb(201,239,117)	AAEL005655-PA.
AAEL005679	7159.Q179A9	0.7126475115443818	0.49427104722792603	rgb(117,125,239)	AAEL005679-PA.
AAEL005741	7159.Q178X8	0.1728322216521293	0.7090143737166325	rgb(209,239,117)	Forkhead protein/ forkhead protein domain.
AAEL005766	7159.Q178U8	0.546870189840944	0.4550924024640657	rgb(117,117,239)	Fructose-bisphosphate aldolase; Belongs to the class I fructose-bisphosphate aldolase family.
AAEL005832	7159.Q178N5	0.15112878399179067	0.772217659137577	rgb(144,239,117)	AAEL005832-PA.
AAEL005895	7159.Q0IFC5	0.5330169317598769	0.5238398357289528	rgb(117,239,185)	AAEL005895-PA.
AAEL005937	7159.Q178E9	0.2915084658799384	0.8017864476386037	rgb(207,239,117)	AAEL005937-PA.
AAEL006038	7159.Q177S2	0.20238583889173933	0.7322997946611911	rgb(117,224,239)	AAEL006038-PA.
AAEL006057	7159.Q177R3	0.49838378655720883	0.8017864476386037	rgb(117,117,239)	AAEL006057-PA.
AAEL006149	7159.Q177H3	0.711723961005644	0.405564681724846	rgb(117,239,220)	AAEL006149-PA.
AAEL006152	7159.Q177H4	0.6461518727552592	0.4133264887063655	rgb(117,239,127)	AAEL006152-PA.
AAEL006189	7159.Q177A9	0.7108004104669061	0.46876796714579055	rgb(160,239,117)	AAEL006189-PA.
AAEL006219	7159.Q176Y4	0.7791431503335043	0.8017864476386037	rgb(172,239,117)	Heparan sulphate 2-o-sulfotransferase.
AAEL006234	7159.Q176W7	0.8899692149820422	0.754476386036961	rgb(117,163,239)	Hexosyltransferase.
AAEL006263	7159.Q176T7	0.8899692149820422	0.46470225872689935	rgb(117,117,239)	AAEL006263-PA.
AAEL006266	7159.Q176T6	0.6535402770651616	0.2104106776180698	rgb(165,239,117)	AAEL006266-PA.
AAEL006369	7159.Q16TD8	0.7865315546434068	0.23997946611909654	rgb(117,239,137)	AAEL006369-PA.
AAEL006399	7159.Q0IFA2	0.7680605438686507	0.2806365503080082	rgb(117,239,165)	AAEL006399-PA.
AAEL006447	7159.Q176B9	0.8308619805028221	0.7958726899383984	rgb(117,239,193)	GATA transcription factor (GATAb).
AAEL006554	7159.Q175T9	0.8825808106721397	0.7958726899383984	rgb(162,239,117)	AAEL006554-PA.
AAEL006565	7159.Q175T8	0.8825808106721397	0.49427104722792603	rgb(117,117,239)	AAEL006565-PA.
AAEL006600	7159.Q175M5	0.8825808106721397	0.4469609856262834	rgb(117,133,239)	Juvenile hormone-inducible protein, putative.
AAEL006619	7159.Q175K5	0.8825808106721397	0.41147843942505136	rgb(117,239,223)	AAEL006619-PA.
AAEL006710	7159.Q175B9	0.3363006670087224	0.8442915811088296	rgb(117,117,239)	Nucleolysin tia-1.
AAEL006783	7159.Q174S1	0.8825808106721397	0.37008213552361396	rgb(239,229,117)	Histone-lysine N-methyltransferase, H3 lysine-79 specific.
AAEL006803	7159.Q174R9	0.7865315546434068	0.5537782340862424	rgb(117,239,228)	AAEL006803-PA.
AAEL006813	7159.Q174R8	0.8391739353514623	0.5474948665297742	rgb(117,156,239)	AAEL006813-PA.
AAEL006876	7159.Q174K3	0.6212160082093382	0.11320328542094456	rgb(117,239,120)	AAEL006876-PA.
AAEL006884	7159.Q174H3	0.21762442278091332	0.22223819301848052	rgb(117,117,239)	AAEL006884-PA.
AAEL006912	7159.Q174F7	0.6401487942534634	0.4539835728952772	rgb(117,239,187)	Acetyl-coa acetyltransferase 2; Belongs to the thiolase-like superfamily. Thiolase family.
AAEL006939	7159.Q174C4	0.1659055926115957	0.22223819301848052	rgb(117,187,239)	AAEL006939-PA.
AAEL007019	7159.Q173U8	0.1659055926115957	0.3286858316221766	rgb(117,195,239)	Phosphate transporter; Sodium-phosphate symporter which plays a fundamental housekeeping role in phosphate transport. Belongs to the inorganic phosphate transporter (PiT) (TC 2.A.20) family.
AAEL007177	7159.Q173D8	0.1659055926115957	0.3464271047227926	rgb(117,152,239)	AAEL007177-PA.
AAEL007197	7159.Q173C1	0.1659055926115957	0.3641683778234086	rgb(117,239,213)	AAEL007197-PA.
AAEL007217	7159.Q173B0	0.1659055926115957	0.5356673511293635	rgb(117,134,239)	AAEL007217-PA.
AAEL007331	7159.Q172L3	0.1659055926115957	0.7899589322381931	rgb(155,239,117)	AAEL007331-PA.
AAEL007353	7159.Q172K9	0.8424063622370447	0.20523613963039017	rgb(210,239,117)	AAEL007353-PA; Belongs to the cullin family.
AAEL007359	7159.Q172J7	0.7200359158542843	0.6657700205338809	rgb(117,137,239)	Guanylate cyclase.
AAEL007374	7159.Q172J0	0.4244997434581837	0.7899589322381931	rgb(239,161,117)	AAEL007374-PA.
AAEL007388	7159.Q172G9	0.9222934838378657	0.27767967145790556	rgb(117,239,124)	AAEL007388-PA.
AAEL007415	7159.Q0IF14	0.6461518727552592	0.39373716632443534	rgb(239,159,117)	Multicopper oxidase; Belongs to the multicopper oxidase family.
AAEL007441	7159.Q1HRN7	0.5394817855310416	0.26622176591375774	rgb(117,239,184)	Translocon-associated complex TRAP gamma subunit.
AAEL007452	7159.Q172D9	0.5501026167265265	0.7899589322381931	rgb(239,156,117)	AAEL007452-PA.
AAEL007465	7159.Q172A6	0.601821446895844	0.7899589322381931	rgb(239,209,117)	AAEL007465-PA.
AAEL007483	7159.Q171Z5	0.6535402770651616	0.7899589322381931	rgb(117,239,164)	AAEL007483-PA.
AAEL007508	7159.Q171W2	0.7052591072344794	0.7899589322381931	rgb(117,117,239)	AAEL007508-PA; Belongs to the peptidase S1 family.
AAEL007569	7159.Q171N7	0.8751924063622372	0.7367351129363451	rgb(117,176,239)	AAEL007569-PA.
AAEL007791	7159.Q170V1	0.8751924063622372	0.6184599589322383	rgb(200,239,117)	AAEL007791-PA.
AAEL007876	7159.Q170K8	0.482683427398666	0.6310266940451745	rgb(117,239,200)	Tyrosine protein kinase with ig domain; Belongs to the protein kinase superfamily. Tyr protein kinase family.
AAEL007888	7159.Q170K4	0.8751924063622372	0.512012320328542	rgb(239,207,117)	Protein 4.1 homolog (Coracle protein), putative.
AAEL007890	7159.Q170K9	0.49884556182657774	0.6247433264887065	rgb(117,175,239)	AAEL007890-PA.
AAEL007959	7159.Q170D7	0.801308363263212	0.22223819301848052	rgb(117,117,239)	AAEL007959-PA.
AAEL007970	7159.Q170B3	0.7495895330938944	0.22223819301848052	rgb(217,239,117)	AAEL007970-PA.
AAEL007980	7159.Q170B1	0.17329399692149822	0.3819096509240246	rgb(117,128,239)	AAEL007980-PA.
AAEL007995	7159.Q0IEV0	0.601821446895844	0.6125462012320328	rgb(117,239,190)	AAEL007995-PA.
AAEL008031	7159.Q16ZY1	0.17329399692149822	0.44104722792607803	rgb(156,239,117)	Carbonic anhydrase; Belongs to the alpha-carbonic anhydrase family.
AAEL008149	7159.Q16ZN0	0.21762442278091332	0.7840451745379877	rgb(117,230,239)	AAEL008149-PA.
AAEL008248	7159.Q16ZB6	0.2693432529502309	0.7840451745379877	rgb(239,239,117)	Eukaryotic translation initiation factor 2A; Functions in the early steps of protein synthesis of a small number of specific mRNAs. Acts by directing the binding of methionyl- tRNAi to 40S ribosomal subunits. In contrast to the eIF-2 complex, it binds methionyl-tRNAi to 40S subunits in a codon-dependent manner, whereas the eIF-2 complex binds methionyl-tRNAi to 40S subunits in a GTP-dependent manner.
AAEL008354	7159.Q0IEP7	0.4244997434581837	0.5001848049281314	rgb(206,239,117)	AAEL008354-PA; Belongs to the ligand-gated ion channel (TC 1.A.9) family.
AAEL008362	7159.Q16YZ8	0.8391739353514623	0.5297535934291581	rgb(239,130,117)	AAEL008362-PA.
AAEL008371	7159.Q16Z01	0.24025141097998975	0.6816632443531828	rgb(229,239,117)	AAEL008371-PA.
AAEL008372	7159.Q16YZ9	0.7865315546434068	0.5360369609856263	rgb(117,117,239)	Sulfatase-1, sulf-1.
AAEL008414	7159.Q16YV1	0.5205489994869164	0.7515195071868583	rgb(239,233,117)	AAEL008414-PA.
AAEL008465	7159.Q16YQ3	0.47621857362750125	0.7840451745379877	rgb(239,169,117)	Gamma-tubulin complex component.
AAEL008470	7159.Q16YP6	0.7569779374037969	0.7840451745379877	rgb(117,239,134)	AAEL008470-PA.
AAEL008494	7159.Q16YM1	0.8678040020523345	0.5829774127310062	rgb(117,118,239)	AAEL008494-PA; Belongs to the mitochondrial carrier (TC 2.A.29) family.
AAEL008507	7159.Q16YK1	0.3459979476654695	0.7962422997946612	rgb(120,239,117)	AAEL008507-PA.
AAEL008517	7159.Q16YK5	0.47437147255002565	0.32498973305954826	rgb(239,216,117)	Elongation factor Tu; This protein promotes the GTP-dependent binding of aminoacyl- tRNA to the A-site of ribosomes during protein biosynthesis.
AAEL008528	7159.Q16YG8	0.6655464340687532	0.674640657084189	rgb(214,239,117)	AAEL008528-PA.
AAEL008552	7159.Q16YG5	0.6752437147255003	0.6413757700205339	rgb(184,239,117)	AAEL008552-PA.
AAEL008554	7159.Q16YG3	0.6198306824012314	0.6772279260780288	rgb(117,136,239)	AAEL008554-PA.
AAEL008622	7159.Q16Y82	0.20931246793227298	0.5818685831622178	rgb(239,139,117)	AAEL008622-PA.
AAEL008722	7159.Q16XY9	0.8678040020523345	0.4292197125256673	rgb(117,239,146)	AAEL008722-PA.
AAEL008773	7159.Q16XT3	0.6978707029245768	0.22815195071868583	rgb(230,239,117)	AAEL008773-PA.
AAEL008774	7159.Q16XT5	0.8678040020523345	0.3168583162217659	rgb(117,181,239)	AAEL008774-PA.
AAEL008816	7159.Q16XQ1	0.7024884556182659	0.6044147843942506	rgb(117,239,156)	Vesicular monoamine transporter, putative.
AAEL008944	7159.Q16X87	0.18068240123140072	0.28728952772073924	rgb(239,198,117)	AAEL008944-PA.
AAEL008948	7159.Q16XA3	0.6461518727552592	0.22815195071868583	rgb(239,175,117)	AAEL008948-PA.
AAEL009085	7159.Q16WV5	0.3242945100051308	0.5083162217659137	rgb(117,239,133)	AAEL009085-PA.
AAEL009092	7159.Q16WU6	0.18068240123140072	0.6421149897330596	rgb(117,239,172)	AAEL009092-PA.
AAEL009175	7159.Q16WM1	0.18068240123140072	0.6598562628336757	rgb(239,166,117)	AAEL009175-PA.
AAEL009240	7159.Q16WF1	0.3210620831195485	0.7781314168377824	rgb(117,140,239)	AAEL009240-PA.
AAEL009304	7159.Q16WA7	0.7454335556695741	0.6458110882956879	rgb(117,117,239)	AAEL009304-PA; Belongs to the syntaxin family.
AAEL009377	7159.Q16W03	0.2956644433042586	0.6986652977412732	rgb(117,239,143)	AAEL009377-PA.
AAEL009400	7159.Q16VZ3	0.27580810672139555	0.16383983572895278	rgb(131,239,117)	AAEL009400-PA.
AAEL009448	7159.Q16IF7	0.885351462288353	0.2214989733059548	rgb(117,189,239)	AAEL009448-PA.
AAEL009451	7159.Q16VS2	0.3801693175987686	0.4273716632443532	rgb(239,140,117)	AAEL009451-PA.
AAEL009467	7159.Q16VR4	0.8086967675731145	0.7781314168377824	rgb(117,117,239)	AAEL009467-PA.
AAEL009484	7159.Q16VP6	0.860415597742432	0.7781314168377824	rgb(117,239,140)	AAEL009484-PA.
AAEL009515	7159.Q16VM1	0.23978963571062084	0.23997946611909654	rgb(117,239,121)	AAEL009515-PA.
AAEL009587	7159.Q16VF3	0.18807080554130323	0.23997946611909654	rgb(117,154,239)	AAEL009587-PA.
AAEL009626	7159.Q16VA2	0.18807080554130323	0.45878850102669405	rgb(239,236,117)	Ankyrin repeat domain protein.
AAEL009630	7159.Q16VA1	0.7361980502821961	0.7064271047227926	rgb(239,131,117)	Phosphodiesterase.
AAEL009778	7159.Q16UW3	0.18807080554130323	0.5534086242299795	rgb(117,117,239)	AAEL009778-PA.
AAEL009786	7159.Q16UU9	0.41711133914828114	0.772217659137577	rgb(239,201,117)	AAEL009786-PA.
AAEL009838	7159.Q16UP5	0.6299897383273474	0.5027720739219712	rgb(117,122,239)	AAEL009838-PA.
AAEL009869	7159.Q16UK9	0.6549256028732684	0.6214168377823409	rgb(117,233,239)	AAEL009869-PA.
AAEL009871	7159.Q16UK1	0.5279374037968189	0.772217659137577	rgb(117,117,239)	AAEL009871-PA.
AAEL009915	7159.Q16UG5	0.3358388917393535	0.2155852156057495	rgb(117,185,239)	AAEL009915-PA.
AAEL009938	7159.Q16UD8	0.542714212416624	0.6025667351129365	rgb(117,146,239)	AAEL009938-PA.
AAEL009947	7159.Q16UC4	0.09802462801436634	0.7038398357289528	rgb(117,239,150)	Homeotic antennapedia protein, putative.
AAEL009966	7159.Q16UA9	0.5796562339661366	0.772217659137577	rgb(222,239,117)	AAEL009966-PA.
AAEL009987	7159.Q16U90	0.6313750641354542	0.772217659137577	rgb(117,117,239)	AAEL009987-PA.
AAEL009988	7159.Q16U87	0.6701641867624424	0.5238398357289528	rgb(166,239,117)	AAEL009988-PA.
AAEL010022	7159.Q16U41	0.6830938943047717	0.772217659137577	rgb(235,239,117)	AAEL010022-PA.
AAEL010041	7159.Q16U30	0.8530271934325295	0.6598562628336757	rgb(117,238,239)	AAEL010041-PA.
AAEL010061	7159.Q16U10	0.3279887121600821	0.45731006160164267	rgb(226,239,117)	AAEL010061-PA.
AAEL010093	7159.Q16TX6	0.8530271934325295	0.39373716632443534	rgb(124,239,117)	AAEL010093-PA.
AAEL010106	7159.Q16TV9	0.8530271934325295	0.35234086242299795	rgb(239,137,117)	Transporter; Belongs to the sodium:neurotransmitter symporter (SNF) (TC 2.A.22) family.
AAEL010126	7159.Q16TT9	0.17560287326834273	0.12503080082135526	rgb(239,163,117)	Zinc finger protein.
AAEL010144	7159.Q16TR7	0.8530271934325295	0.33459958932238193	rgb(187,255,101)	AAEL010144-PA.
AAEL010198	7159.Q16TM2	0.557491021036429	0.5619096509240248	rgb(117,239,229)	AAEL010198-PA.
AAEL010308	7159.Q0IEI4	0.4244997434581837	0.5179260780287475	rgb(153,239,117)	AAEL010308-PA.
AAEL010373	7159.Q16T51	0.37693689071318626	0.22112936344969197	rgb(233,239,117)	AAEL010373-PA.
AAEL010391	7159.Q16T61	0.19545920985120574	0.3050308008213552	rgb(117,219,239)	Aldehyde oxidase.
AAEL010555	7159.Q16SL7	0.1275782452539764	0.15459958932238194	rgb(117,160,239)	AAEL010555-PA.
AAEL010584	7159.Q16SI7	0.6249102103642894	0.24774127310061606	rgb(117,239,209)	Vesicular mannose-binding lectin.
AAEL010642	7159.Q16SB6	0.19545920985120574	0.39965092402464064	rgb(117,117,239)	AAEL010642-PA.
AAEL010643	7159.Q16SB0	0.38940482298614676	0.5785420944558523	rgb(117,127,239)	AAEL010643-PA.
AAEL010652	7159.Q16S94	0.20284761416110825	0.7663039014373717	rgb(169,239,117)	AAEL010652-PA.
AAEL010659	7159.Q16JG7	0.29889687018984096	0.7367351129363451	rgb(117,117,239)	Lethal(2)essential for life protein, l2efl; Belongs to the small heat shock protein (HSP20) family.
AAEL010668	7159.Q16S95	0.19545920985120574	0.7485626283367557	rgb(239,213,117)	Quinone oxidoreductase.
AAEL010716	7159.Q16S36	0.5228578758337609	0.3024435318275154	rgb(117,239,236)	AAEL010716-PA.
AAEL010783	7159.Q16RY8	0.25456644433042586	0.7663039014373717	rgb(117,117,239)	AAEL010783-PA.
AAEL010821	7159.Q1HR99	0.47298614674191897	0.38006160164271047	rgb(117,204,239)	60S acidic ribosomal protein P0; Ribosomal protein P0 is the functional equivalent of E.coli protein L10.
AAEL010835	7159.Q16RU6	0.4688301693175988	0.7663039014373717	rgb(239,168,117)	Mitogen-activated protein kinase kinase kinase.
AAEL010883	7159.Q16RP7	0.7348127244740893	0.7663039014373717	rgb(128,239,117)	AAEL010883-PA.
AAEL010892	7159.Q16RN4	0.7348127244740893	0.24589322381930184	rgb(117,117,239)	AAEL010892-PA.
AAEL010908	7159.Q16RM1	0.6830938943047717	0.24589322381930184	rgb(239,187,117)	AAEL010908-PA.
AAEL010941	7159.Q16RK1	0.20284761416110825	0.47652977412731007	rgb(239,223,117)	Protein tweety homolog; Probable chloride channel; Belongs to the tweety family.
AAEL011006	7159.Q16RC6	0.7699076449461263	0.7396919917864476	rgb(178,239,117)	AAEL011006-PA.
AAEL011037	7159.Q16R88	0.20284761416110825	0.49427104722792603	rgb(141,239,117)	AAEL011037-PA.
AAEL011058	7159.Q16R65	0.20284761416110825	0.512012320328542	rgb(239,184,117)	Lim domain binding protein.
AAEL011105	7159.Q16R23	0.36908671113391484	0.4743121149897331	rgb(239,165,117)	AAEL011105-PB.
AAEL011185	7159.Q16QS7	0.7865315546434068	0.7603901437371664	rgb(117,173,239)	AAEL011185-PA.
AAEL011261	7159.Q16QJ6	0.8382503848127245	0.7603901437371664	rgb(117,239,118)	AAEL011261-PA.
AAEL011281	7159.Q16QH9	0.5279374037968189	0.2518069815195072	rgb(171,239,117)	AAEL011281-PA.
AAEL011485	7159.Q16PX0	0.7791431503335043	0.4828131416837782	rgb(117,223,239)	AAEL011485-PA.
AAEL011495	7159.Q16PW9	0.8317855310415598	0.47652977412731007	rgb(117,239,199)	AAEL011495-PA.
AAEL011536	7159.Q16PT5	0.6540020523345306	0.4754209445585215	rgb(117,239,232)	Phosphoacetylglucosamine mutase; Catalyzes the conversion of GlcNAc-6-P into GlcNAc-1-P during the synthesis of uridine diphosphate/UDP-GlcNAc, a sugar nucleotide critical to multiple glycosylation pathways including protein N- and O- glycosylation; Belongs to the phosphohexose mutase family.
AAEL011565	7159.Q16PP6	0.21023601847101075	0.2577207392197125	rgb(117,117,239)	AAEL011565-PA.
AAEL011648	7159.Q16PG7	0.6082863006670088	0.5948049281314168	rgb(117,143,239)	AAEL011648-PA; Belongs to the cyclin family.
AAEL011709	7159.Q16PA7	0.8835043612108774	0.2843326488706366	rgb(117,239,183)	Diacylglycerol kinase.
AAEL011767	7159.Q16P43	0.6165982555156491	0.754476386036961	rgb(117,117,239)	AAEL011767-PA.
AAEL011773	7159.Q16P38	0.642457670600308	0.3102053388090349	rgb(117,239,191)	AAEL011773-PA.
AAEL011800	7159.Q16P14	0.6683170856849667	0.754476386036961	rgb(192,239,117)	Protein tweety homolog; Probable chloride channel.
AAEL011870	7159.Q16NS4	0.31090302719343255	0.20856262833675565	rgb(190,239,117)	AAEL011870-PA.
AAEL011890	7159.Q16NR7	0.40602873268342743	0.205605749486653	rgb(239,117,117)	AAEL011890-PA.
AAEL011910	7159.Q16NP6	0.8308619805028221	0.49427104722792603	rgb(117,197,239)	AAEL011910-PA.
AAEL012002	7159.Q16ND4	0.8308619805028221	0.4528747433264887	rgb(117,239,148)	Beta-1,4-galactosyltransferase.
AAEL012019	7159.Q16NC7	0.8308619805028221	0.41147843942505136	rgb(194,239,117)	AAEL012019-PA.
AAEL012031	7159.Q16NB0	0.8308619805028221	0.2991170431211499	rgb(117,239,166)	AAEL012031-PA.
AAEL012046	7159.Q16N99	0.8308619805028221	0.2813757700205339	rgb(117,194,239)	AAEL012046-PA; Belongs to the band 7/mec-2 family. Flotillin subfamily.
AAEL012057	7159.Q16N85	0.3192149820420728	0.37969199178644764	rgb(239,231,117)	Enhancer of polycomb-like protein.
AAEL012065	7159.Q16N83	0.7865315546434068	0.2577207392197125	rgb(239,144,117)	Cytoplasmic polyadenylation element binding protein (cpeb).
AAEL012155	7159.Q16MX5	0.21762442278091332	0.32277207392197127	rgb(239,220,117)	AAEL012155-PA.
AAEL012169	7159.Q1HQG4	0.9269112365315547	0.6184599589322383	rgb(117,239,132)	Predicted membrane protein.
AAEL012237	7159.Q1HQT7	0.06985633658286301	0.11726899383983573	rgb(117,239,235)	Upstream transcription factor 2/L-myc-2.
AAEL012256	7159.Q16ML9	0.8170087224217548	0.6835112936344969	rgb(239,126,117)	AAEL012256-PA.
AAEL012257	7159.Q16MM0	0.7643663417136994	0.6897946611909651	rgb(157,239,117)	AAEL012257-PA.
AAEL012259	7159.Q16MM1	0.3436890713186249	0.2518069815195072	rgb(0,178,157)	AAEL012259-PA.
AAEL012272	7159.Q16MK6	0.21762442278091332	0.34051334702258723	rgb(239,219,117)	Peptidylprolyl isomerase.
AAEL012273	7159.Q16MK4	0.21762442278091332	0.3582546201232033	rgb(117,229,239)	AAEL012273-PA.
AAEL012288	7159.Q16MJ6	0.34322729604925606	0.6362012320328543	rgb(198,239,117)	Sugar transporter; Belongs to the major facilitator superfamily. Sugar transporter (TC 2.A.1.1) family.
AAEL012307	7159.Q16MG8	0.21762442278091332	0.5297535934291581	rgb(220,239,117)	AAEL012307-PA.
AAEL012392	7159.Q16M84	0.24717804002052335	0.7485626283367557	rgb(117,117,239)	AAEL012392-PA.
AAEL012416	7159.Q16M54	0.28873781426372497	0.12503080082135526	rgb(117,220,239)	AAEL012416-PA.
AAEL012420	7159.Q16M53	0.2559517701385326	0.11874743326488707	rgb(117,227,239)	AAEL012420-PA.
AAEL012429	7159.Q16M45	0.4244997434581837	0.7485626283367557	rgb(187,239,117)	AAEL012429-PA.
AAEL012493	7159.Q16LX7	0.7200359158542843	0.7485626283367557	rgb(117,239,145)	AAEL012493-PA.
AAEL012517	7159.Q16LU2	0.8234735761929195	0.7426488706365503	rgb(117,149,239)	AAEL012517-PA.
AAEL012541	7159.Q16LS6	0.7274243201641868	0.34051334702258723	rgb(125,239,117)	AAEL012541-PA.
AAEL012561	7159.Q16LQ3	0.8234735761929195	0.6421149897330596	rgb(255,175,101)	Prominin (prom) protein.
AAEL012626	7159.Q16LK2	0.8234735761929195	0.6243737166324436	rgb(152,239,117)	AAEL012626-PA.
AAEL012627	7159.Q16LK0	0.7348127244740893	0.26363449691991786	rgb(117,207,239)	AAEL012627-PA.
AAEL012640	7159.Q16LI4	0.6830938943047717	0.26363449691991786	rgb(117,239,231)	AAEL012640-PA.
AAEL012655	7159.Q16LG8	0.22501282709081583	0.37599589322381927	rgb(213,239,117)	Sugar transporter; Belongs to the major facilitator superfamily. Sugar transporter (TC 2.A.1.1) family.
AAEL012707	7159.Q16LB3	0.27349923037455104	0.37673511293634493	rgb(117,117,239)	AAEL012707-PA; Belongs to the peptidase C19 family.
AAEL012723	7159.Q16L96	0.3473832734735762	0.723429158110883	rgb(239,232,117)	AAEL012723-PA; Belongs to the protein kinase superfamily.
AAEL012837	7159.Q16KY3	0.816085171883017	0.5711498973305956	rgb(117,239,210)	AAEL012837-PA.
AAEL012850	7159.Q16KW9	0.816085171883017	0.4351334702258727	rgb(239,127,117)	AAEL012850-PA.
AAEL012905	7159.Q16KQ8	0.4752950230887635	0.7385831622176592	rgb(239,143,117)	AAEL012905-PA.
AAEL012908	7159.Q16KR0	0.5699589533093895	0.7108624229979467	rgb(117,117,239)	AAEL012908-PA.
AAEL012909	7159.Q16KR1	0.5593381221139045	0.74782340862423	rgb(117,117,239)	AAEL012909-PA.
AAEL012910	7159.Q16KQ9	0.507619291944587	0.7201026694045176	rgb(139,239,117)	AAEL012910-PA.
AAEL012974	7159.Q0IE94	0.5163930220625963	0.1893429158110883	rgb(117,208,239)	Glycine cleavage system H protein; The H protein shuttles the methylamine group of glycine from the P protein to the T protein; Belongs to the GcvH family.
AAEL012977	7159.Q0IE99	0.557491021036429	0.5829774127310062	rgb(239,149,117)	AAEL012977-PA.
AAEL012979	7159.Q0IE98	0.4318881477680862	0.46470225872689935	rgb(117,239,171)	AAEL012979-PA.
AAEL012988	7159.Q16KH2	0.23240123140071833	0.2754620123203285	rgb(117,239,215)	Guanylate cyclase.
AAEL013066	7159.Q16KA6	0.7288096459722936	0.5349281314168378	rgb(239,153,117)	AAEL013066-PA.
AAEL013216	7159.Q16JU1	0.23240123140071833	0.630287474332649	rgb(223,239,117)	AAEL013216-PA.
AAEL013252	7159.Q16JQ4	0.23240123140071833	0.648028747433265	rgb(239,147,117)	AAEL013252-PB.
AAEL013268	7159.Q16JN7	0.23240123140071833	0.6657700205338809	rgb(117,239,225)	AAEL013268-PA.
AAEL013380	7159.Q16JC3	0.23978963571062084	0.45878850102669405	rgb(117,239,207)	AAEL013380-PA.
AAEL013510	7159.Q16IY0	0.2628783991790662	0.06848049281314168	rgb(117,117,239)	AAEL013510-PA.
AAEL013529	7159.Q16IW8	0.7772960492560288	0.41443531827515395	rgb(117,166,239)	AAEL013529-PA.
AAEL013532	7159.Q16IV3	0.24717804002052335	0.41147843942505136	rgb(239,120,117)	AAEL013532-PA.
AAEL013602	7159.Q16IN4	0.6276808619805029	0.5693018480492813	rgb(117,147,239)	AAEL013602-PA.
AAEL013651	7159.Q16II4	0.8170087224217548	0.512012320328542	rgb(117,239,136)	AAEL013651-PA.
AAEL013654	7159.Q16II5	0.7643663417136994	0.5182956878850103	rgb(117,172,239)	AAEL013654-PA.
AAEL013684	7159.Q16IG3	0.25456644433042586	0.5060985626283369	rgb(239,206,117)	AAEL013684-PA.
AAEL013758	7159.Q16I88	0.25456644433042586	0.6007186858316222	rgb(175,239,117)	AAEL013758-PA.
AAEL013770	7159.Q16I75	0.28412006157003594	0.7189938398357291	rgb(239,238,117)	Zinc finger protein.
AAEL013830	7159.Q16I15	0.2693432529502309	0.5238398357289528	rgb(203,239,117)	Bmp-induced factor.
AAEL013846	7159.Q16HZ9	0.28412006157003594	0.6184599589322383	rgb(239,235,117)	AAEL013846-PA.
AAEL013965	7159.Q16HN5	0.3801693175987686	0.3286858316221766	rgb(159,239,117)	AAEL013965-PA.
AAEL013986	7159.Q16HL0	0.29889687018984096	0.405564681724846	rgb(117,117,239)	AAEL013986-PA.
AAEL013997	7159.Q16HK0	0.4466649563878912	0.5323408624229979	rgb(117,117,239)	AAEL013997-PA.
AAEL014033	7159.Q16HG5	0.28134940995382246	0.8897535934291582	rgb(117,239,212)	AAEL014033-PA.
AAEL014109	7159.Q16H88	0.6757054899948692	0.3286858316221766	rgb(239,225,117)	AAEL014109-PA.
AAEL014132	7159.Q16H74	0.3949461262185736	0.6716837782340863	rgb(117,239,123)	AAEL014132-PA.
AAEL014157	7159.Q16H46	0.4097229348383786	0.3464271047227926	rgb(239,188,117)	AAEL014157-PA.
AAEL014207	7159.Q16GZ8	0.4051051821446896	0.7286036960985627	rgb(239,191,117)	Sugar transporter; Belongs to the major facilitator superfamily. Sugar transporter (TC 2.A.1.1) family.
AAEL014258	7159.Q16GV0	0.3210620831195485	0.6657700205338809	rgb(117,117,239)	AAEL014258-PA.
AAEL014337	7159.Q16GL8	0.3580041046690611	0.35234086242299795	rgb(117,165,239)	Mitotic protein phosphatase 1 regulator, putative.
AAEL014347	7159.Q16GK5	0.3801693175987686	0.6539425051334703	rgb(178,171,0)	AAEL014347-PA.
AAEL014485	7159.Q16G89	0.41064648537711645	0.5408418891170432	rgb(117,239,155)	AAEL014485-PA.
AAEL014521	7159.Q16G51	0.7495895330938944	0.5888911704312115	rgb(163,239,117)	AAEL014521-PA.
AAEL014557	7159.Q16G14	0.41711133914828114	0.3641683778234086	rgb(117,239,197)	AAEL014557-PA.
AAEL014620	7159.Q16FV7	0.6258337609030272	0.7178850102669405	rgb(239,182,117)	AAEL014620-PA.
AAEL014730	7159.Q16FK4	0.7994612621857364	0.39078028747433263	rgb(117,184,239)	AAEL014730-PA.
AAEL014901	7159.Q16F46	0.25179579271421243	0.48872689938398356	rgb(239,146,117)	AAEL014901-PA.
AAEL014927	7159.Q16F21	0.4318881477680862	0.648028747433265	rgb(239,179,117)	Sodium/chloride dependent transporter.
AAEL014933	7159.Q16F16	0.6978707029245768	0.423305954825462	rgb(117,239,218)	Peptidylprolyl isomerase.
AAEL015071	7159.Q16EP6	0.3580041046690611	0.6184599589322383	rgb(117,117,239)	AAEL015071-PA.
AAEL015101	7159.Q16EM3	0.4097229348383786	0.630287474332649	rgb(117,117,239)	AAEL015101-PA.
AAEL015231	7159.Q16EF2	0.7994612621857364	0.6628131416837783	rgb(150,101,255)	AAEL015231-PA.
AAEL015235	7159.Q16EE7	0.587044638276039	0.3819096509240246	rgb(117,239,169)	AAEL015235-PA; Belongs to the band 7/mec-2 family. Flotillin subfamily.
AAEL015593	7159.Q1DGK7	0.9269112365315547	0.512012320328542	rgb(117,117,239)	AAEL015593-PA.
AAEL015650	7159.Q1DGF8	0.4023345305284762	0.1867556468172485	rgb(118,239,117)	AAEL015650-PA.
AAEL801114	7159.J9HTV7	0.49838378655720883	0.4528747433264887	rgb(117,192,239)	AAEL017419-PA.
ARK	7159.Q17MT6	0.5902770651616214	0.23739219712525667	rgb(117,239,194)	Apaf-1 Related Killer.
CTL12	7159.Q16Y37	0.8678040020523345	0.5652361396303902	rgb(117,170,239)	AAEL008681-PA.
DNR1	7159.Q17NT7	0.6373781426372499	0.17788501026694042	rgb(239,133,117)	AAEL000590-PA.
GPRALS3	7159.Q16KP5	0.816085171883017	0.3168583162217659	rgb(117,239,201)	GPCR Galanin/Allatostatin Family; Belongs to the G-protein coupled receptor 1 family.
GPRDIH1	7159.Q16Z71	0.482683427398666	0.5452772073921972	rgb(117,239,158)	AAEL008292-PA; Belongs to the G-protein coupled receptor 2 family.
GPRFZ2	7159.Q174W8	0.2924320164186763	0.5415811088295688	rgb(239,171,117)	AAEL006778-PA; Belongs to the G-protein coupled receptor Fz/Smo family.
GPRGHP3	7159.Q16L21	0.22501282709081583	0.44104722792607803	rgb(117,162,239)	AAEL012796-PA; Belongs to the G-protein coupled receptor 1 family.
GPROR52	7159.Q16IY4	0.24717804002052335	0.39373716632443534	rgb(239,200,117)	Odorant receptor.
GPROR60	7159.J9HG16	0.4909953822473063	0.4706160164271047	rgb(238,239,117)	Odorant receptor.
GPROR76	7159.Q16J72	0.6558491534120062	0.7001437371663245	rgb(188,239,117)	Odorant receptor.
GPRgr11	7159.Q16QU1	0.20284761416110825	0.6125462012320328	rgb(239,124,117)	AAEL011174-PA.
HR4	7159.Q178K1	0.23978963571062084	0.8017864476386037	rgb(227,239,117)	Hormone receptor-like in 4.
J9E9F1_AEDAE	7159.J9E9F1	0.39679322729604927	0.2943121149897331	rgb(117,121,239)	DNA-directed RNA polymerase subunit beta; DNA-dependent RNA polymerase catalyzes the transcription of DNA into RNA using the four ribonucleoside triphosphates as substrates.
J9EAF0_AEDAE	7159.J9EAF0	0.5131605951770138	0.5060985626283369	rgb(146,239,117)	AAEL017196-PA.
J9EAN8_AEDAE	7159.J9EAN8	0.49838378655720883	0.4883572895277208	rgb(239,204,117)	AAEL010145-PC.
J9EBD1_AEDAE	7159.J9EBD1	0.7625192406362238	0.5681930184804929	rgb(117,117,239)	AAEL017382-PA; Belongs to the protein kinase superfamily.
J9HFE1_AEDAE	7159.J9HFE1	0.4605182144689584	0.3238809034907597	rgb(117,239,206)	Elongation factor Tu.
J9HIM6_AEDAE	7159.J9HIM6	0.5796562339661366	0.4883572895277208	rgb(239,136,117)	AAEL017462-PB.
J9HYQ9_AEDAE	7159.J9HYQ9	0.48914828116983067	0.39078028747433263	rgb(182,239,117)	Elongation factor 1-alpha; This protein promotes the GTP-dependent binding of aminoacyl- tRNA to the A-site of ribosomes during protein biosynthesis.
PIWI7	7159.Q176R2	0.15851718830169317	0.2695482546201232	rgb(117,203,239)	AAEL006287-PA; Belongs to the argonaute family.
Q1HR69_AEDAE	7159.Q1HR69	0.5805797845048744	0.3394045174537988	rgb(239,174,117)	Heat shock cognate 70; Belongs to the heat shock protein 70 family.
SRPN25	7159.Q1HRV7	0.9269112365315547	0.6362012320328543	rgb(117,239,234)	Fxa-directed anticlotting serpin-like protein; Belongs to the serpin family.
TOLL1A	7159.Q171J8	0.8751924063622372	0.6362012320328543	rgb(117,232,239)	Toll-like receptor; Belongs to the Toll-like receptor family.
TOLL5A	7159.Q171K9	0.8751924063622372	0.6775975359342916	rgb(133,239,117)	AAEL007619-PA.
TOLL8	7159.Q17NJ1	0.21762442278091332	0.8254414784394251	rgb(117,178,239)	AAEL000633-PA.
